text,label
rt usrId we re updating this interactive map of reported damage from the httpAddress check it out httpAddress httpAddress,__label__1
rt usrId strong 6.1 earthquake rocks san francisco bay area injures 87 significant damage in napa httpAddress,__label__1
rt usrId wisconsin usa madison httpAddress breaking news DD earthquake 6.0 earthquake jolts bay area damage and at least,__label__1
the san francisco earthquake in wine country injured dozens of people httpAddress reuters a 6.0 httpAddress httpAddress,__label__1
rt usrId economic losses from california earthquake could top 1 billion httpAddress,__label__1
rt usrId california wine country quake losses seen in the billions httpAddress,__label__1
over DD injured in napa quake via usrId httpAddress,__label__1
rt usrId httpAddress earthquake DD #earthquake dozens injured D critically after strong earthquake in ca http,__label__1
#newsupdates insured losses from napa earthquake could reach 500m to 1 billion httpAddress,__label__1
video shows moment earthquake hit california ; updated reports say DD injured #cleveland httpAddress,__label__1
rt usrId D critically injured DD treated at hospital after 6.0 magnitude earthquake in california httpAddress,__label__1
rt usrId httpAddress #californiaearthquake DD california earthquake wine country clears up damage around napa califo,__label__1
rt usrId i m taking over coverage of the #napaquake from httpAddress the damage looks striking in httpAddress httpAddress,__label__1
rt usrId httpAddress sfgate DD #sfgate napa damaged more than DD hurt in northern california quake httpAddress,__label__1
napa earthquake map red tagged buildings esri map shows the damages caused by the 6.0 napa httpAddress httpAddress,__label__1
#breaking new injury numbers DD injured D fractures D critical #napaquake httpAddress,__label__1
rt usrId update 10 california wine country shaken by 6.0 quake dozens hurt via usrId #bonds httpAddress,__label__1
rt usrId napa boy crushed by brick chimney in 6.0 quake i should be dead httpAddress,__label__1
rt usrId update 170 people treated for injuries in aftermath of strong #california #earthquake httpAddress httpAddress,__label__1
the former inspector at california s diablo canyon nuclear reactor worries it is susceptible to earthquake httpAddress httpAddress,__label__1
skaters make best of napa earthquake by shredding buckled streets httpAddress #ipost,__label__1
rt usrId quake aftershocks damage napa bridge force lane closure httpAddress,__label__1
fortunately gallery DD in yountville ca only incurred minor damage during sunday s napa valley httpAddress httpAddress,__label__1
napa rushes to fix quake damage as drought means early harvest httpAddress,__label__1
rt usrId quake rocks california wine country dozens injured via usrId #news httpAddress,__label__1
rt usrId fires injuries and more the latest news and updates on this morning s #napaquake httpAddress httpAddress,__label__1
usrId california earthquake destroys half the wine in napa vineyard httpAddress httpAddress usrId,__label__1
rt usrId #djkingassassin 6.0 earthquake shakes northern california cop who killed michael brown httpAddress httpAddress,__label__1
quake in california s wine country injures dozens httpAddress,__label__1
rt usrId what a california thing to do . skater takes advantage of napa earthquake damaged httpAddress via usrId httpAddress,__label__1
rt usrId 6.0 earthquake in california looks terrible ! amp ; it reminds me what a real estate investor friend told me earthquake tim,__label__1
httpAddress california quake damages historic buildings the strongest quake to hit the bay area in .. httpAddress,__label__1
rt usrId damage from #napaquake car under rubble at third and brown streets httpAddress,__label__1
south napa earthquake causes damage injuries kgo tv httpAddress,__label__1
california quake damages historic buildings the strongest quake to hit the bay area in DD years injured httpAddress httpAddress,__label__1
rt usrId usa news httpAddress hot news DD earthquake three critically injured almost DD treated at napa hospital fol,__label__1
rt usrId skateboarding atop an earthquake damaged street is the most california thing to ever httpAddress httpAddress,__label__1
napa earthquake power restored to thousands ; cleanup continues los angeles times,__label__1
napa earthquake hundreds hurt dozens of buildings condemned after 6.0 jolt bennington banner httpAddress #earthquakesf httpAddress,__label__1
rt usrId DD injured power outages as #california hit by largest #quake in DD years httpAddress httpAddress,__label__1
rt usrId california wine country shaken by 6.0 quake dozens hurt httpAddress,__label__1
rt usrId very distressing napa quake may cost over 1 billion in damages to vineyards and restaurants httpAddress,__label__1
rt usrId infodude amazing use of #bigdata from usrId how the napa earthquake affected bay area sleepers httpAddress,__label__1
latest on napa earthquake four homes destroyed others damaged by fire ; over DD patients treated at hospital httpAddress,__label__1
rt usrId usa httpAddress dozens injured D critically after strong earthquake in california usa cnn a httpAddress,__label__1
rt usrId nuclear expert calls for california plant to be shut to see if it can withstand shaking from earthquake faults httpAddress,__label__1
rt usrId meadowbrook lane in napa skaters finding upside to quake httpAddress photo from #nbcbayarea photog jeremy carroll httpAddress,__label__1
no reports of injuries to missionaries members following napa quake #churchnews #mormon #lds httpAddress via usrId,__label__1
earthquake in napa valley hits wineries the wineries in napa valley have been damaged following the httpAddress httpAddress,__label__1
rt usrId california earthquake hits wine region hard destroying thousands of bottles and barrels of wine httpAddress,__label__1
DD percent of the nation s wine comes from california and the napa earthquake could make prices go up . #goodmorning7 on httpAddress,__label__1
rt usrId httpAddress DD bay area earthquake damages napa county airport clean up is still underway in the wake o,__label__1
rt usrId update 8 quake rocks california wine country dozens injured via usrId #bonds httpAddress,__label__1
rt usrId damages in city of #vallejo are estimated at 5 million httpAddress #napaquake,__label__1
rt usrId usa 6.0 earthquake rocks california ; dozens injured video amp ; pics httpAddress,__label__1
rt usrId strong earthquake rocks san francisco bay area ; at least DD injured san francisco earthquake #sanfranciscoearthqua,__label__1
rt usrId usa httpAddress even buildings with seismic retrofits damaged in napa earthquake usa four homes at napa va,__label__1
eudrylantiqua boy hurt in california quake i should be dead boy badly hurt by httpAddress httpAddress eudrylantiqua,__label__1
rt usrId #napa schools to reopen as the town continues to tally the damage from sunday s #earthquake httpAddress,__label__1
rt usrId california hospital receives DD patients related to the 6.0 magnitude earthquake hospital president httpAddress httpAddress,__label__1
rt usrId usa news httpAddress hot news DD earthquake dozens injured D critically after strong earthquake in californ,__label__1
raw aerial look at napa quake damage #newsvideos httpAddress,__label__1
rt usrId at least DD people injured in the 6.1 napa quake according to walt mickens president amp ; ceo of queen of the valley medica,__label__1
rt usrId usa news httpAddress hot news DD earthquake three critically injured almost DD treated at napa hospital fol,__label__1
rt usrId only in california does earthquake damage httpAddress photo by jeremy carroll httpAddress,__label__1
rt usrId rt usrId skateboarding atop an earthquake damaged street is the most california thing to ever httpAddress httpAddress,__label__1
rt usrId rms experts extensive damage to unreinforced masonry buildings amp ; faades occurred caused by the #napa #earthquake httpAddress,__label__1
rt usrId photo shared by usrId shows damaged roads being used by skateboarders after california earthquake httpAddress,__label__1
rt usrId six people critically injured in california earthquake httpAddress,__label__1
rt usrId httpAddress DD bay area earthquake damages napa county airport #earthquaketoday quotthe earthquake blew o,__label__1
the latest on damaging earthquake in california httpAddress #tcot,__label__1
napa valley DD earthquake damage to vineyards #wine #earthquake httpAddress,__label__1
rt usrId 6.0 magnitude earthquake rocks california wine country dozens hurt httpAddress httpAddress,__label__1
rt usrId uc davis medical center confirms they are treating a DD year old boy injured httpAddress he is in serious httpAddress,__label__1
california quake damages historic buildings httpAddress,__label__1
rt usrId south napa earthquake damage estimate could reach 1 00 00 00 httpAddress httpAddress,__label__1
rt usrId usa httpAddress dozens injured D critically after strong earthquake in california usa cnn a httpAddress,__label__1
DD injured D critical after napa california quake the quake is the strongest to hit the region .. httpAddress #usa #news,__label__1
napa earthquake power restored to thousands ; cleanup continues los angeles times,__label__1
rt usrId california earthquake losses could reach 1bn httpAddress httpAddress,__label__1
rt usrId usa news httpAddress hot news DD earthquake dozens injured D critically after strong earthquake in califor,__label__1
rt usrId 6.0 magnitude #earthquake caused extensive damage in historic downtown #napa httpAddress #khou httpAddress,__label__1
rt usrId man s drone footage shows napa quake damage httpAddress,__label__1
eudrylantiqua n . california earthquake damage could reach 1b northern california httpAddress httpAddress eudrylantiqua,__label__1
damage from california quake could top 1 billion via usrId httpAddress,__label__1
earthquake is major test for hard luck california city the historic blue collar town of vallejo is a short httpAddress httpAddress,__label__1
napa private property damage totals 300m 100 buildings red tagged httpAddress #napaquake,__label__1
rt usrId more businesses amp ; buildings damaged by the #napaquake httpAddress,__label__1
napa earthquake hits httpAddress the showroom was untouched but dave s house in the hills above napa didn t do so httpAddress httpAddress,__label__1
rt usrId city of napa has red tagged DD buildings due to #earthquake httpAddress added to do not occupy list senior center trancas s,__label__1
rt usrId even buildings with seismic retrofits damaged in #napa #earthquake usrId usrId httpAddress,__label__1
rt usrId trending downtown napa takes brunt of damage from earthquake httpAddress httpAddress,__label__1
california starts quake clean up california is assessing the damage after a powerful earthquake struck the httpAddress httpAddress,__label__1
ap top strong california quake shakes famed wine country napa httpAddress ap the san francisco bay area s httpAddress httpAddress,__label__1
rt usrId #napaquake ruptures water mains amp ; gas lines D critically injured ; fires damaged httpAddress httpAddress httpAddress,__label__1
over DD injured in napa quake httpAddress,__label__1
rt usrId #california earthquake aftermath buildings destroyed over DD injured video httpAddress,__label__1
biggest quakes by magnitude in california california where a quake and fire devastated the city of san httpAddress httpAddress,__label__1
rt usrId meadowbrook lane in napa skaters find upside to quake httpAddress video httpAddress pic by jeremy carroll httpAddress,__label__1
rt usrId usa httpAddress DD earthquake three critically injured almost DD treated at napa hospital following 6.0 .. gi,__label__1
help desk httpAddress power back in napa but dsl httpAddress took DD httpAddress to coax my mom to find pwr httpAddress quake pulled it out and behind httpAddress,__label__1
watch downtown napa newer buildings fared better than old in quake abc news neal karlinsky tours earthquake damage in the httpAddress,__label__1
rt usrId meadowbrook lane in napa skaters finding upside to quake httpAddress photo from #nbcbayarea photog jeremy carroll httpAddress,__label__1
rt usrId after so much damage from the #napa #earthquake usrId analyzed what s next for httpAddress usrId 5p httpAddress,__label__1
more updates from the #napa earthquake where vintners are picking through overturned barrels and smashed bottles to httpAddress,__label__1
magnitude 6.1 earthquake strikes napa valley at least DD injured tens of thousands without power httpAddress,__label__1
#wow ! the damage rt usrId big chunk of the #maxwellbridge in #napa #tvcamera used for scale #napaquake httpAddress,__label__1
updated #napaquake stats injuries nearly DD critical injuries D aftershocks 60 uninhabitable buildings DD homes without water DD,__label__1
the httpAddress earthquake that rocked the napa valley in california over the weekend causing dozens httpAddress httpAddress,__label__1
rt usrId queen of the valley medical center D hospital employees were injured in #napaquake ; 1D patients admitted to hospital out o,__label__1
rt usrId chabad center in napa valley damaged by #earthquake but rabbi quickly attends to his httpAddress httpAddress,__label__1
california skaters turn quake damaged roads into playland .. httpAddress #jerrybrown #photogettyimages #sanfranciscobay,__label__1
rt usrId the losses from california s napa earthquake could top 1 blnand yes some of that s wine httpAddress httpAddress,__label__1
california earthquake wine country clears up damage around napa three seriously hurt DD treated httpAddress httpAddress #kabari,__label__1
rt usrId colorado usa colorado springs httpAddress #earthquake DD dozens injured D critically after strong earthquak,__label__1
usa DD sfgate napa damaged more than DD hurt in northern california quake nicoleewayne louisiana httpAddress httpAddress,__label__1
rt usrId bird s eye view #napaquake damage as seen from drone above httpAddress httpAddress,__label__1
the napa valley quake wreaked havoc with california wineries but the impact may not be as bad as it first httpAddress httpAddress,__label__1
rt usrId DD hospitalized in napa earthquake httpAddress httpAddress,__label__1
california quake means big damage for napa valley wineries it s still too early to tell just how much the httpAddress httpAddress,__label__1
rt usrId cracked wine casks damaged historical buildings and coffee httpAddress this napa earthquake is the biggest first world disaster,__label__1
napa #earthquake damage and insurance losses could cost billions httpAddress #napaquake,__label__1
rt usrId see how many bay area sleepers woke up from the napa httpAddress httpAddress httpAddress,__label__1
#californiaearthquake destroys historic #buildings in #napa injures many home realty today httpAddress,__label__1
rt usrId rt usrId damage to us post office bldg on second st. httpAddress homeless sleeping inside were hit with httpAddress #quake http,__label__1
awe usrId rt usrId more businesses amp ; buildings damaged by the #napaquake httpAddress,__label__1
many pets still missing after #napa earthquake httpAddress,__label__1
rt usrId a number of pets that escaped in the wake of sunday s napa earthquake are still missing httpAddress,__label__1
#diime daniiel boy hurt in california quake i should be dead boy badly hurt by bricks httpAddress httpAddress diime daniiel,__label__1
another one httpAddress occurred in a remote country httpAddress qt usrId strong california quake causes injuries damage httpAddress,__label__1
rt usrId httpAddress earthquake DD #earthquake even buildings with seismic retrofits damaged in napa earth httpAddress,__label__1
#adult #porn #std california wine country rocked by 6.0 quake dozens hurt napa httpAddress reuters a 6.0 httpAddress httpAddress,__label__1
rt usrId usa news httpAddress hot news DD earthquake even buildings with seismic retrofits damaged in napa earthquake,__label__1
yare update 1 california wine country quake losses seen in the billions reuters cnnupdate httpAddress httpAddress yare,__label__1
via usrId napa quake tasting room serving several vineyards heavily damaged httpAddress,__label__1
rt usrId napa valley earthquake causes a billion dollars in damage and thousands without power los httpAddress httpAddress,__label__1
#usaheadlines cleanup efforts underway after major earthquake in california httpAddress,__label__1
rt usrId what the strongest earthquake in DD years did to one shop in california httpAddress httpAddress,__label__1
california winemakers cleaning up after earthquake fox news httpAddress,__label__1
napa quake aftermath engineering expert blasts napa california building .. cbs local httpAddress,__label__1
earthquake devastates california san francisco bayarea httpAddress,__label__1
#android #lg boy hurt in california quake i should be dead washington post httpAddress httpAddress,__label__1
rt usrId earthquake in ca on sunday led to injuries property damage httpAddress than a million hours of lost sleep ? httpAddress,__label__1
dozens injured D critically after strong earthquake incalifornia httpAddress,__label__1
rt usrId oregon usa portland httpAddress breaking news DD earthquake 6.0 earthquake jolts bay area damage and at least DD,__label__1
#napaquake damage figure for homes businesses 300 million per usrId httpAddress via usrId,__label__1
wa shares this earthquake strikes napa valley ; wineries assess damage wine spectator httpAddress,__label__1
rt usrId california quake causes injuries widespread httpAddress story httpAddress photos httpAddress httpAddress,__label__1
n . california earthquake damage could reach 1b northern california is cleaning up one day after suffering httpAddress httpAddress,__label__1
#news #california even buildings with seismic retrofits damaged in napa earthquake city officials in napa httpAddress httpAddress,__label__1
inspector wants californias last nuclear plant shut down over earthquakeconcerns httpAddress,__label__1
rt usrId california quake means big damage for napa valley wineries httpAddress,__label__1
not the wine ! curse you seismic activity ! via usrId california quake means big damage for napa valley wineries httpAddress,__label__1
rt usrId colorado usa colorado springs httpAddress #earthquake DD dozens injured D critically after strong earthquak,__label__1
california hit with worst quake in DD years new images emerge of widespread damage in httpAddress more than DD people were injured ..,__label__1
check this out scores of aftershocks from napa earthquake felt more on the way los httpAddress httpAddress #online #twitter,__label__1
DD injured D critical after napa california quake httpAddress,__label__1
seems as though most napa wineries were not insured for quake httpAddress while harvest was least affected many suffered damage to httpAddress,__label__1
#sunoviaaqui over DD injured in napa quake napa httpAddress ap the strongest earthquake httpAddress httpAddress #dmdaniiel x6,__label__1
video billions of dollars of wine rocked in california earthquake napa valley httpAddress napa is one of the httpAddress httpAddress,__label__1
httpAddress undamaged by napa valley httpAddress #ports httpAddress,__label__1
rt usrId earthquake destroys historic buildings and leaves thousands without power in california httpAddress httpAddress,__label__1
rt usrId meadowbrook lane in napa skaters find upside to quake httpAddress video httpAddress pic by jeremy carroll httpAddress,__label__1
rt usrId recovery efforts in #napa continue after a magnitude 6.0 #earthquake caused serious damage and httpAddress latest DD httpAddress,__label__1
the san francisco earthquake in wine country injured dozens of people .. httpAddress #bayarea #sanfranciscobay #tylerparadise,__label__1
napa mops up wine and tallies its losses the napa valley quake wreaked havoc with california wineries but httpAddress httpAddress,__label__1
#breaking #napaquake updated # s DD httpAddress confirmed 6.1 httpAddress still some in napa cty without httpAddress usrId,__label__1
the san francisco earthquake in wine country injured dozens of people httpAddress reuters a 6.0 httpAddress httpAddress,__label__1
rt usrId usa httpAddress DD earthquake three critically injured almost DD treated at napa hospital following 6.0 .. gi,__label__1
rt usrId in #napa skaters finding upside to #earthquake httpAddress photo from usrId photog jeremy carroll httpAddress,__label__1
small aftershock strikes #napa california ; no injuries or damage httpAddress httpAddress geological survey says magnitude of #quake was httpAddress,__label__1
earthquake napa valley california drone video footage of the damage in napa ! httpAddress via httpAddress,__label__1
rt usrId usa httpAddress napa damaged more than DD hurt in northern california quake welcome to the new httpAddress,__label__1
pops just sent me a picture of all the wine barrels that spilled during the california httpAddress dude really knows how to ruin my httpAddress,__label__1
rt usrId inspector wants california s last nuclear plant shut down over earthquake concerns httpAddress via usrId,__label__1
napa quake caused 300 million in private property damage httpAddress,__label__1
rt usrId httpAddress DD 6.0 earthquake jolts bay area damage and at least DD injuries reported #earthquake it was t,__label__1
rt usrId sunday s #earthquake in #california left more than 1b worth of damage among top DD costliest httpAddress httpAddress,__label__1
rt usrId nearly a billion dollars of wine lost to #californiaearthquake httpAddress httpAddress,__label__1
update 8 quake rocks california wine country dozens injured httpAddress,__label__1
rt usrId napa wineries sustain damage from 6.1 magnitude earthquake httpAddress,__label__1
usa news hot news DD #earthquake napa earthquake power restored to thousands cleanup continues httpAddress httpAddress,__label__1
httpAddress california earthquake wine country clears up damage around napa authorities in california s wine country nort,__label__1
california quake damages historic buildings the strongest quake to hit the bay area in DD httpAddress httpAddress ff usrId,__label__1
#yeremiito21 boy hurt in california quake i should be dead boy badly hurt by bricks in httpAddress httpAddress #yeremiito21,__label__1
rt usrId #napa city officials say despite quake damage they re still open for business this labor day weekend httpAddress,__label__1
rt usrId enormous pile of furniture electronics damaged by quake left in napa high school parking httpAddress httpAddress,__label__1
hospital treating D critically injured in south napa quake httpAddress,__label__1
rt usrId us quake damage rt usrId rock on . rt usrId the most california thing httpAddress via usrId,__label__1
rt usrId latest # s over DD people with injuries flooded napa s er following #earthquake httpAddress #napaquake,__label__1
residents businesses accessing damage by httpAddress napa earthquake napa from napa to american canyon httpAddress httpAddress,__label__1
usrId tech failure in napa quake power surges led to pc damage httpAddress,__label__1
srjc sonoma county schools report little damage from quake httpAddress,__label__1
#losdelsonido n . california earthquake damage could reach 1b northern california is cleaning up one day after httpAddress #ivanberroa,__label__1
check out earthquake causes damage in the bay area on usrId httpAddress,__label__1
napa valley earthquake damage bad but not catastrophic businesses say httpAddress,__label__1
rt usrId napa region wading in #wine damage from quake #winewednesday httpAddress,__label__1
rt usrId napa historic httpAddress serious httpAddress #earthquake httpAddress,__label__1
napa valley vintners still assessing damage from #earthquake httpAddress #napaquake,__label__1
rt usrId washington usa tacoma httpAddress breaking news DD earthquake bay area earthquake damages napa county airport he,__label__1
napa mops up wine and tallies its losses after quake the napa valley quake wreaked havoc with california httpAddress httpAddress,__label__1
rt usrId only in california does earthquake damage httpAddress photo by jeremy carroll httpAddress,__label__1
video thousands of dollars in wine lost in napa earthquake winemakers in napa valley woke up to thousands httpAddress httpAddress,__label__1
rt usrId rt usrId boy injured from falling chimney in #napaquake upgraded to serious condition at uc httpAddress httpAddress,__label__1
sorry to hear that you suffered damage in the #napaquake usrId . glad no one was httpAddress,__label__1
over DD injured in 6.0 #bayarea #earthquake #california #DDhurt #glv httpAddress,__label__1
california begins quake clear up workers assess damage and begin to clear up after a 6.0 magnitude quake httpAddress httpAddress,__label__1
rt usrId httpAddress earthquake DD #earthquake napa earthquake power restored to thousands cleanup contin http,__label__1
rt usrId 4pm the state of emergency in force in california s napa valley after an earthquake caused widespread damage #7arvo httpAddress,__label__1
napa county tallies quake wine damage 38 million all types of resources needed httpAddress,__label__1
jems over DD injured in california earthquake emsnews,__label__1
bay area biz talk napa earthquake wineries open catastrophe experts descend on quake zone httpAddress,__label__1
california earthquake 6.0 magnitude quake leaves three critically injured two adults and one child httpAddress httpAddress,__label__1
officials in #napa california say they are still assessing the damage caused by yesterday s httpAddress httpAddress,__label__1
battered napa takes stock of napa quake damage httpAddress #losangeles,__label__1
D people critically injured after california quake napa httpAddress ap a large earthquake .. httpAddress via usrId,__label__1
rt usrId typical california skating the earthquake fault lines httpAddress,__label__1
httpAddress 06 54 cleanup efforts underway after major earthquake in california httpAddress,__label__1
rt usrId california usa torrance httpAddress #sfgate DD napa damaged more than DD hurt in northern california quake,__label__1
nicholas dillon injured in the #napaquake is on the road to recovery after surgery at #ucdavis children s httpAddress httpAddress,__label__1
california wine country quake losses seen in the billions httpAddress #news #world #live httpAddress,__label__1
hospital treating D critically injured in south napa quake about DD people are httpAddress httpAddress httpAddress,__label__1
i didn t feel a httpAddress even buildings with seismic retrofits damaged in napa earthquake httpAddress #heavysleeper,__label__1
skaters make best of napa earthquake by shredding buckled streets httpAddress,__label__1
napa valley wineries sustain damage from 6.0 earthquake httpAddress,__label__1
rt usrId httpAddress DD bay area earthquake damages napa county airport clean up is still underway in the wake of,__label__1
california quake means big damage for napa valley wineries it s still too early to tell just how much the httpAddress httpAddress,__label__1
#finance #financenews quake in californias wine country injures dozens abc news httpAddress,__label__1
rt usrId buildings severely damaged and some uninhabitable after california earthquake httpAddress httpAddress,__label__1
quake hits california state of emergency issued as officials weigh damage video 6.0 earthquake strikes near napa valley video httpAddress,__label__1
boy hurt in california quake i should bedead httpAddress,__label__1
quake rocks california wine country dozens injured httpAddress sale httpAddress #news,__label__1
skaters rip on terrain transformed by northern california earthquake httpAddress,__label__1
the san francisco earthquake in wine country injured dozens of people .. httpAddress #bayarea #sanfranciscobay #tylerparadise,__label__1
#quake rocks #california wine country dozens injured httpAddress,__label__1
rt usrId meadowbrook lane in napa skaters find upside to quake httpAddress video httpAddress pic by jeremy carroll httpAddress,__label__1
DD injured D critical after napa california quake usa today usa todayDD injured D critical after httpAddress httpAddress,__label__1
rt usrId photos show damage following napa earthquake httpAddress via usrId #napaquake,__label__1
rt usrId california highway patrol checking crossings and bridges for obvious signs of structural integrity after quake usrId,__label__1
more than DD injured as quake strikes heart of california wine country montrealgazette httpAddress,__label__1
rt usrId #napaquake update DD injuries D critical D6 more bldgs red tagged over D00 yellow tagged httpAddress httpAddress,__label__1
officials estimate 6.0 earthquake that hit california s wine country caused 1 billion in httpAddress DD homes and buildings unsafe to httpAddress,__label__1
rt usrId california wine country quake losses seen in the billions a strong earthquake that jolted residents of httpAddress http,__label__1
rt usrId mt usrId skater finds upside to #earthquake damage in httpAddress photo by jeremy httpAddress httpAddress,__label__1
rt usrId #napaquake 100 million loss many in hospital homes burned amp ; damaged but neocon usrId flips them off httpAddress,__label__1
rt usrId #napaquake httpAddress broken #chimneys and other problems #ktvu 10 29p httpAddress,__label__1
rt usrId at least DD people have been injured in the 6.1 #napaquake per walt mickens president amp ; ceo of queen of the valley,__label__1
california earthquake aftermath buildings destroyed over DD injured 6.0 magnitude earthquake caused six httpAddress httpAddress,__label__1
thousands without power following httpAddress earthquake in california thousands are without power on httpAddress httpAddress,__label__1
rt usrId httpAddress DD bay area earthquake damages napa county airport clean up is still underway in the wake of,__label__1
rt usrId httpAddress DD dozens injured D critically after strong earthquake in california cnn a httpAddress,__label__1
the horror ! damage done to wine barrels at a napa valley winery during this weekend s httpAddress httpAddress,__label__1
#napaquake billions ? seems httpAddress napa supes ask httpAddress help httpAddress in building infras and econ httpAddress DD bizes in wine and ag httpAddress,__label__1
boy hurt in california quake i should be dead washington post httpAddress,__label__1
rt usrId from usrId how the napa earthquake affected bay area httpAddress interesting use of data httpAddress httpAddress,__label__1
life california wine country earthquake injures dozens httpAddress httpAddress #sliceoflife #usnews #california #earthquake #napa,__label__1
california earthquake bay area picks up pieces after strongest quake in DD years cnn cnncalifornia httpAddress httpAddress,__label__1
magnitude 6.0 earthquake in california destroys b httpAddress,__label__1
hospital more than DD treated since napa earthquake httpAddress,__label__1
rt usrId only in california does earthquake damage httpAddress photo by jeremy carroll httpAddress,__label__1
rt usrId patients continue to arrive at queen of the valley httpAddress triage tents set up to treat httpAddress #earthquake #napa h,__label__1
rt usrId damages in city of #vallejo are estimated at 5 million httpAddress #napaquake,__label__1
usa news hot news DD earthquake dozens injured D critically after strong earthquake in httpAddress httpAddress,__label__1
rt usrId n . california #earthquake sparks major fires snapping gas lines striking mobile home httpAddress usrId is httpAddress,__label__1
rt usrId 6.1 magnitude earthquake wakes up san francisco denizens ! DD injured 100s without power 100 million in damages http,__label__1
D bay area earthquake damages napa county airport clean up is still underway in the wake of the 6.0 magnitude httpAddress,__label__1
damage to a downtown building is seen after an earthquake 6.0 magnitude in #napa #california aug24 httpAddress,__label__1
rt usrId usa news httpAddress hot news DD earthquake napa earthquake power restored to thousands cleanup continues,__label__1
rt usrId norcal rattled by largest quake to hit bay area since 89 ; overnight quake causes significant damage in napa county httpAddress,__label__1
california earthquake wine country gets a jolt as losses run into billions napa california a strong httpAddress httpAddress,__label__1
rt usrId video napa earthquake damage wine tanks leaking httpAddress anyone ready for a drink ? #earthquake via usrId,__label__1
hospital more than DD treated since napa earthquake httpAddress,__label__1
some roads in downtown napa closed due to earthquake httpAddress usrId with more usrId,__label__1
miira california wine country rocked by 6.0 quake dozens hurt reuters reuterscalifornia wine country rocked by 6.0 quake httpAddress,__label__1
napa valley wineries sustain damage from 6.0 earthquake la times httpAddress httpAddress via usrId,__label__1
tz usrId usrId httpAddress california earthquake hits wine region hard destroying thousands of httpAddress httpAddress #apnews,__label__1
rt usrId damage at #napapostoffice from #napaquake httpAddress,__label__1
rt usrId #vallejo D commercial buildings damaged in #napaquake red tagged DD httpAddress httpAddress,__label__1
rt usrId meadowbrook lane in napa skaters finding upside to quake httpAddress photo from #nbcbayarea photog jeremy carroll httpAddress,__label__1
rt usrId #california earthquake aftermath buildings destroyed over DD injured video httpAddress,__label__1
california quake to cost insurers up to 1 billion eqecat says httpAddress via usrId,__label__1
rt usrId meadowbrook lane in napa skaters finding upside to quake httpAddress photo from #nbcbayarea photog jeremy carroll httpAddress,__label__1
rt usrId free to use with credit significant earthquake damage to the httpAddress post office building in napa california httpAddress,__label__1
breaking news california wine country rocked by 6.0 quake dozens hurt httpAddress,__label__1
watch downtown napa newer buildings fared better than old in quake abc news neal karlinsky tours earthquake damage in the httpAddress,__label__1
rt usrId at least DD people injured in the 6.1 napa quake according to walt mickens president amp ; ceo of queen of the valley medica,__label__1
napa mops up wine and tallies its losses after quake the napa valley quake wreaked havoc with california httpAddress httpAddress,__label__1
napa earthquake update DD buildings red tagged DD yellow tagged in napa DD water leaks usrId,__label__1
strong california quake causes injuries damage ryan farr owner of the mission s specialty butcher shop httpAddress httpAddress,__label__1
rt usrId ontario can ottawa httpAddress breaking news DD earthquake today bay area earthquake damages napa county airpor,__label__1
usrId this reflects these times that the damage from a disaster #napaquake becomes a playground,__label__1
rt usrId more businesses amp ; buildings damaged by the #napaquake httpAddress,__label__1
quake hits california state of emergency issued as officials weigh damage photos magnitude 6.0 earthquake httpAddress httpAddress,__label__1
south napa quake causes substantial damage injuries httpAddress,__label__1
dozens injured in san francisco earthquake a httpAddress earthquake has rocked the northern san francisco httpAddress httpAddress,__label__1
#insurance napa earthquake power restored to thousands ; cleanup continues los angeles times link removed,__label__1
san francisco bay area assessing damage after large quake cbs news httpAddress,__label__1
rt usrId untv news california wine country quake losses seen in the billions httpAddress,__label__1
rt usrId napa earthquake may cost vineyards and restaurants over 1b httpAddress httpAddress,__label__1
rt usrId the san francisco bay area starts accessing damage that could reach 1b after a 6.0 magnitude earthquake httpAddress,__label__1
napa earthquake a big blow to california wine industry the oregonian httpAddress httpAddress,__label__1
earthquake hit heart of sonoma county napa valley wineries in northern california dozens injured highlight httpAddress,__label__1
rt usrId napa authorities use rc copter to inspect damaged building #napaquake httpAddress,__label__1
cnn 6.1 quake in bay area msnbc over DD injured in quake fox l u c i f e r h a s a w o k e n bbc m8,__label__1
winners in napa earthquake bricklayers #sf #news httpAddress,__label__1
us california wine country earthquake injures httpAddress httpAddress #slice of life #us news #california #earthquake #napa,__label__1
missing hiker 6.0 earthquake jolts san francisco bay area early sunday damage reported in .. bucks local .. httpAddress,__label__1
northern california hit by strongest earthquake in DD years more than DD injuries reported httpAddress,__label__1
rt usrId usa httpAddress DD earthquake even buildings with seismic retrofits damaged in napa earthquake janinebucks c,__label__1
rt usrId update httpAddress quake in northern california causes injuries fires road httpAddress httpAddress httpAddress,__label__1
rt usrId usa news httpAddress hot news DD earthquake three critically injured almost DD treated at napa hospital f,__label__1
#losdelsonido this is what northern california looks like after quake cracked streets homes on fire and crumbled httpAddress #oye victor,__label__1
hospital more than DD treated since napa earthquake httpAddress,__label__1
httpAddress earthquake hits northern california at least DD people were injured six httpAddress httpAddress #losangeles,__label__1
rt usrId no reports of additional damage to buildings in napa after D #aftershocks this am httpAddress a 3.9 #napaearthquake #ktvu httpAddress,__label__1
update hospital officials say a 13 year old boy was critically injured by a falling chimney in the #napaquake,__label__1
#losdelsonido boy hurt in california quake i should be dead boy badly hurt by bricks in california quake says httpAddress #ivanberroa,__label__1
the san francisco earthquake in wine country injured dozens of people httpAddress #usgs,__label__1
hospital more than DD treated since napa earthquake httpAddress,__label__1
hospital more than DD treated since napa earthquake httpAddress,__label__1
#nowplaying #video watch nearly DD injured in bay area s biggest quake httpAddress httpAddress httpAddress #socialmedia,__label__1
#francissantana boy hurt in california quake i should be dead boy badly hurt by bricks in california httpAddress httpAddress,__label__1
napa damaged more than DD hurt in northern california quake sfgate httpAddress via usrId,__label__1
rt usrId napa law enforcement confirms child critically injured in today s earthquake has been flown to oakland children s hosp,__label__1
rt usrId stark before and after photos show extent of #napaquake httpAddress httpAddress httpAddress,__label__1
#ovii starz boy hurt in california quake i should be dead httpAddress #bryan starz,__label__1
get an up close look at the damage caused by the #earthquake in #california through the eyes of a drone httpAddress,__label__1
#robin alvarez01 boy hurt in california quake i should be dead boy badly hurt by bricks in california quake says lucky to be httpAddress,__label__1
rt usrId usa news httpAddress hot news DD earthquake dozens injured D critically after strong earthquake in califo,__label__1
believe it or not but the 6.0 earthquake in california did some damage at wineries all across httpAddress via usrId httpAddress,__label__1
rt usrId 6.0 quake last night amp ; hit hardest httpAddress damage was #wholefoods httpAddress that was the bunnies ur gonna kill thumping at the,__label__1
boy hurt in california quake i should be dead httpAddress,__label__1
countless businesses wineries and restaurants have incurred damages as a result of a 6.1 magnitude earthquake near napa california,__label__1
D people critically injured after california quake httpAddress,__label__1
napa 6.0 earthquake caused significant damage in county usgs cleanup efforts were underway in the bay httpAddress httpAddress,__label__1
rt usrId expensive wine seeping across cellar floors shows napa valley was biggest loser in california quake httpAddress,__label__1
#cero full episode world news httpAddress earthquake damage in napa quake leaves thousands without .. httpAddress #cero,__label__1
rt usrId usa httpAddress DD earthquake three critically injured almost DD treated at napa hospital following 6.0 ..,__label__1
rt usrId a strong #earthquake rattled #california s wine country and damaged historic buildings httpAddress httpAddress,__label__1
quake rocks california wine country dozens injured napa httpAddress reuters a 6.0 magnitude earthquake rocked wine country north of ..,__label__1
rt usrId south napa quake in n ca causes substantial damage injuries httpAddress reliable info from napa httpAddress D cri,__label__1
dozens hurt in california wine country after magnitude 6.0 quake httpAddress,__label__1
rt usrId quake in california s wine country injures dozens httpAddress #vegas,__label__1
breaking california wine country rocked by 6.0 quake dozens hurt reuters httpAddress httpAddress #khaatumo #khatumo,__label__1
rt usrId clean up after california quake injures DD httpAddress,__label__1
#wearethepeople napa earthquake power mostly restored schools closed san jose mercury news httpAddress,__label__1
usa httpAddress dozens injured D critically after strong earthquake in california usa cnn a httpAddress earthquak,__label__1
rt usrId average #earthquake insurance cost california 860 a month via usrId httpAddress usrId usrId,__label__1
#news wasted napa wineries soaked in losses after quake winemakers in california s storied napa valley .. httpAddress #tu,__label__1
earthquake damage to popular napa california tourist destination httpAddress sale httpAddress #video,__label__1
the latest on damaging earthquake in california the latest from ap reporters on scene after california earthquake causes damage injuries,__label__1
rt usrId california skaters turn quake damaged roads into playland httpAddress httpAddress,__label__1
napa earthquake damage wine tanks leaking httpAddress #wine #wineoclock #napa,__label__1
local officials estimated monday that napa valley suffered 1 billion in property damage from sunday s httpAddress httpAddress,__label__1
damage from northern california earthquake could reach 1 billion httpAddress via usrId,__label__1
rt usrId usa httpAddress dozens injured D critically after strong earthquake in california usa cnn a httpAddress,__label__1
rt usrId pretty severe tank damage amp ; significant amount of #wine loss but we re feeling fortunate everyone is safe #napaquake,__label__1
this is what northern california looks like after quake httpAddress #newyork,__label__1
rt usrId httpAddress DD dozens injured D critically after strong earthquake in california cnn a httpAddress,__label__1
usa news hot news DD earthquake dozens injured D critically after strong earthquake in california httpAddress,__label__1
rt usrId usa news httpAddress hot news DD earthquake three critically injured almost DD treated at napa hospital foll,__label__1
rt usrId httpAddress DD bay area earthquake damages napa county airport #earthquake clean up is still underway in,__label__1
napa earthquake update DD people injured ; DD napa buildingsuninhabitable watch kron D now sent from kron D httpAddress,__label__1
rt usrId the latest on damage injuries and aftershocks as our #napaquake coverage continues 8 10p usrId usrId httpAddress,__label__1
rt usrId hey #teaparty where s the outrage ? california plans to waste tax to repair roads and bridges after the #napaquake ! s,__label__1
boy hurt in california quake i should be dead a 13 year old boy who was seriously injured by httpAddress httpAddress #usa #news,__label__1
#whatshot #news DD injured D critical after napa california quake httpAddress httpAddress #socialmedia,__label__1
httpAddress n . california earthquake damage could reach 1b northern california is cleaning httpAddress httpAddress #swaggerdominicano,__label__1
rt usrId winemakers evaluate #napaquake damage httpAddress httpAddress,__label__1
damage from california quake could top 1 billion the httpAddress earthquake damaged buildings knocked out power to thousands httpAddress,__label__1
can t reach my friends in sf . hope they r httpAddress rt usrId the earthquake in northern california .. httpAddress,__label__1
napa valley earthquake the damage from the earthquake that took place recently in californias premium wine httpAddress httpAddress,__label__1
california earthquake aftermath buildings destroyed over DD injured california httpAddress httpAddress #kabari #world,__label__1
rt usrId usa httpAddress dozens injured D critically after strong earthquake in california usa cnn a httpAddress,__label__1
lots of damage at california wineries after the earth quake over the weekend ! httpAddress,__label__1
good story by usrId of usrId on #napaearthquake damage to masonry brick chimneys httpAddress httpAddress,__label__1
rt usrId usa news httpAddress hot news DD earthquake three critically injured almost DD treated at napa hospital fol,__label__1
rt usrId usa news httpAddress hot news DD earthquake dozens injured D critically after strong earthquake in califo,__label__1
rt usrId historic sam kee laundry building damaged in #napa #earthquake httpAddress via usrId usrId usrId usrId,__label__1
rt usrId at least DD people injured in the 6.1 napa quake according to walt mickens president amp ; ceo of queen of the valley medica,__label__1
california wine country quake losses seen in the billions by christina farr and robin respaut napa httpAddress httpAddress httpAddress,__label__1
update on napa earthquake amp ; damage httpAddress sad about all lost wine but at least no httpAddress httpAddress,__label__1
california assesses the damage after powerful earthquake hitsnapa httpAddress,__label__1
boy hurt in california quake i should bedead httpAddress,__label__1
rt usrId napa teen badly injured by a collapsed chimney is httpAddress httpAddress #napaquake,__label__1
citynews thousands without power following httpAddress #earthquake in #california httpAddress,__label__1
after injuries widespread damage from napa quake cleanup ensues fresno bee httpAddress,__label__1
#breakingnews httpAddress preliminary estimate calculates economic loss from napa earthquake at httpAddress httpAddress,__label__1
ap top strong california quake causes injuries damage napa httpAddress ap the largest earthquake to hit httpAddress httpAddress,__label__1
quake in california s wine country injures dozens the seattle times httpAddress,__label__1
napa region wading in wine damage from quake #world #cnbc httpAddress,__label__1
california earthquake three critically injured as governor httpAddress httpAddress #darrendrake #donblakeman #dougbridewell,__label__1
rt usrId strong 6.1 earthquake rocks san francisco bay area injures 87 significant damage in napa httpAddress,__label__1
damage from california quake could top 1 billion httpAddress,__label__1
napa region wading in quake damage when a 6.0 magnitude earthquake struck napa early sunday it caused httpAddress httpAddress,__label__1
rt usrId the strongest earthquake in DD years struck northern california early sunday injuring more than DD people httpAddress,__label__1
rt usrId damage from earthquake that jolted california s napa valley wine country could be billions httpAddress httpAddress,__label__1
rt usrId damage from #napaquake in downtown #napa vintners collective httpAddress,__label__1
rt usrId napa s wine community unbowed after massive earthquake valley residents and vintners assess the damage and httpAddress ht,__label__1
scores were injured as earthquake knocked out power to thousands in napa httpAddress sparking fires and buckling roads httpAddress,__label__1
rt usrId meadowbrook lane in napa skaters finding upside to quake httpAddress photo from #nbcbayarea photo jeremy carroll httpAddress,__label__1
rt usrId billions of dollars of wine rocked in california earthquake httpAddress via usrId #cbsevenews httpAddress,__label__1
rt usrId yahoo strong california earthquake causes injuries damage the largest earthquake to hit the san .. httpAddress,__label__1
rt usrId damage from california earthquake could top 1 billion httpAddress,__label__1
a guy stranded whose daughter s house was destroyed in the napa earthquake on standby trying to fly httpAddress httpAddress flew out httpAddress housing D,__label__1
rt usrId DD injured state of emergency as california hit by largest quake in DD years httpAddress,__label__1
usa news httpAddress hot news DD earthquake damage from northern california earthquake could reach 1 billion #earthquake u,__label__1
rt usrId damage from california quake could top 1 billion via usrId httpAddress,__label__1
rt #humanshld update 8 quake rocks california wine country dozens injured httpAddress,__label__1
rt usrId the damage is devastating but we are napa strong ! #napaquake #wewillsurvive httpAddress,__label__1
rt usrId napa schools to reopen ; quake damage tally continues httpAddress,__label__1
rt usrId applause rt usrId california in one httpAddress mt usrId napa skaters find upside to quake httpAddress http,__label__1
rt usrId northern california earthquake wipes out power to tens of thousands httpAddress httpAddress,__label__1
rt usrId rep #thompson of #5th cd aides no money to rebuild downtown #napa red tape demolition yellow boarded up try this ht,__label__1
rt usrId california usa riverside httpAddress #earthquake DD three critically injured almost DD treated at napa hos,__label__1
rt usrId 100 injured in northern california s most powerful earthquake since httpAddress httpAddress httpAddress,__label__1
napa mops up wine and tallies its losses after quake the napa valley quake wreaked havoc with california httpAddress httpAddress,__label__1
rt usrId 6.0 quake causes injuries and damage in northern california truthdig httpAddress,__label__1
rt usrId more than a dozen buildings uninhabitable after napa earthquake httpAddress,__label__1
damage from california quake could top 1 billion via nyt httpAddress,__label__1
rt usrId new usrId repairing damaged sections of #maxwell bridge over #napariver #napaquake #mapit httpAddress,__label__1
httpAddress #amateur #arse #latina #gapes # # # # # # quake damage and spilled wine in napa,__label__1
6.0 quake causes injuries and damage in northern california updated truthdig httpAddress via usrId,__label__1
even buildings with seismic retrofits damaged in napa earthquake city officials in napa had long worried httpAddress httpAddress,__label__1
rt usrId infodude amazing use of #bigdata from usrId how the napa earthquake affected bay area sleepers httpAddress,__label__1
rt usrId you already read the damage reports elsewhere in the httpAddress here s all the geology of the #napaquake httpAddress,__label__1
rt usrId damage the napa #quake caused at bouchaine the winery closest to httpAddress barrels cracked spilled wine httpAddress h,__label__1
napa earthquake prompts calls for early warning system shut down of nuclear plant httpAddress,__label__1
teen crushed by bricks in napa earthquake recounts pain fear httpAddress,__label__1
rt usrId only in california does earthquake damage httpAddress photo by jeremy carroll httpAddress,__label__1
rt usrId ca #earthquake caused structural damage to public amp ; private buildings amp ; left 69 00 residents httpAddress electricity httpAddress,__label__1
skaters make best of napa earthquake by shredding buckled streets to quote jurassic park s esteemed httpAddress httpAddress,__label__1
rt usrId usa httpAddress DD earthquake damage from northern california earthquake could reach 1 billion heyyouapp #ea,__label__1
npr news california quake means big damage for napa valley wineries httpAddress,__label__1
a california earthquake caused injuries power outages and fires yesterday ap reports httpAddress httpAddress,__label__1
rt usrId last weekend s 6.0 earthquake in california piled up stress on the dangerous hayward fault httpAddress #napaqu,__label__1
#albert stanlie boy hurt in california quake i should be dead boy badly hurt by bricks in california httpAddress httpAddress,__label__1
#breakingnews small winemakers assess napa quake damage small independent vintners who stored wine barrels httpAddress httpAddress,__label__1
rt usrId #napa quake may cost over 1 billion in damages to vineyards and restaurants httpAddress via usrId #wine,__label__1
the latest on damaging earthquake in california the latest from ap reporters on scene after california earthquake causes damage injuries,__label__1
rt usrId usa httpAddress dozens injured D critically after strong earthquake in california usa cnn a httpAddress,__label__1
california quake means big damage for napa valley wineries httpAddress,__label__1
strong california quake causes injuries damage httpAddress,__label__1
california winemakers cleaning up after quake winemakers in california s storied napa valley woke up httpAddress httpAddress,__label__1
rt usrId meadowbrook lane in napa skaters finding upside to quake httpAddress photo from #nbcbayarea photog jeremy carroll httpAddress,__label__1
rt usrId update more than DD injured in #napaquake httpAddress httpAddress,__label__1
httpAddress quake in heart of california s wine country injures dozens .. httpAddress,__label__1
san francisco bay area shaken by magnitude 6.0 earthquake DD injured buildings damaged,__label__1
rt usrId hanging out with winemakers as they inspect damages from the #napaquake i ll be live here tonight on #news10 at 5 amp ; 6 ht,__label__1
road buckles after napa earthquake httpAddress,__label__1
rt usrId new pictures from the napa httpAddress damage could reach 1 httpAddress usrId at 5pm httpAddress,__label__1
strong california quake causes injuries damage httpAddress #traveldomestic,__label__1
napa earthquake vallejo officials report minor damage two dozen injuries httpAddress #capolitics #politics #earthquakes,__label__1
california earthquake aftermath buildings destroyed .. httpAddress,__label__1
california wine country quake losses seen in the billions,__label__1
rt usrId wisconsin usa madison httpAddress breaking news DD earthquake 6.0 earthquake jolts bay area damage and at least,__label__1
earthquake shakes downtown napa damages buildings httpAddress via usrId,__label__1
boy hurt in california quake i should be dead boy badly hurt by bricks in california quake says lucky to httpAddress httpAddress,__label__1
california temporarily suspends #train services as earthquake hits httpAddress,__label__1
rt usrId breaking D critically injured and DD treated at hospital after large earthquake in california s bay area httpAddress,__label__1
rt usrId usa httpAddress dozens injured D critically after strong earthquake in california usa cnn a httpAddress,__label__1
rt usrId #elko strong california quake causes injuries damage httpAddress,__label__1
hospital more than DD treated since napa earthquake httpAddress,__label__1
rt usrId httpAddress DD #earthquake earthquake 6.0 earthquake jolts bay area damage and at least DD inju httpAddress,__label__1
#news california wine country quake losses seen in the billions reuters httpAddress #tafs #fb100,__label__1
rt usrId usa httpAddress DD earthquake even buildings with seismic retrofits damaged in napa earthquake news24lhot cal,__label__1
napa earthquake small businesses lacking insurance hit hard httpAddress httpAddress gotta get insurance,__label__1
napa wineries assess damage after httpAddress more httpAddress #11alive httpAddress one sad day in drunk heaven,__label__1
rt usrId update DD injured D critical after httpAddress at least 64 00 are without power httpAddress httpAddress,__label__1
rt usrId breaking the total cost of the devastating napa earthquake could top httpAddress of the cost to develop the 0bamacare web httpAddress,__label__1
check this out california winemakers cleaning up after quake businessweek new york httpAddress httpAddress #online #twitter,__label__1
rt usrId usa httpAddress DD earthquake napa earthquake power restored to thousands cleanup continues janinebucks cal,__label__1
rt usrId only in california does earthquake damage httpAddress photo by jeremy carroll httpAddress,__label__1
rt usrId nappa earthquake wreaks california s 13 billion #wine industry httpAddress httpAddress,__label__1
drone shows napa quake s impact from above as doctors treated injured locals and geologists measured httpAddress httpAddress,__label__1
rt usrId #napaquake update at least DD people reported to have been injured ; D in critical condition including child httpAddress,__label__1
emergency mgmt earthquake in napa httpAddress leaves widespread damage httpAddress,__label__1
california winemakers cleaning up after quake httpAddress via hawaiinewsnow #hinews #hawaii #news,__label__1
#gossip #hot #news bests briefing insured losses in northern california httpAddress httpAddress #autofollowback ygnews,__label__1
dozens injured in san francisco earthquake a httpAddress earthquake has rocked the northern san francisco httpAddress httpAddress,__label__1
usa httpAddress DD earthquake three critically injured almost DD treated at napa hospital following 6.0 .. ginalimp califor,__label__1
usa news httpAddress hot news DD earthquake even buildings with seismic retrofits damaged in napa earthquake #earthquake us,__label__1
rt usrId here s how the napa earthquake affected jawbone up wearers in the bay httpAddress httpAddress httpAddress,__label__1
bw small winemakers assess napa quake damage httpAddress,__label__1
rt usrId must watch video drone surveys damage from napa earthquake #napaquake httpAddress httpAddress,__label__1
rt usrId earthquake damage in oakville #napa #earthquake httpAddress,__label__1
losses from california quake could top 1 billion httpAddress,__label__1
more than DD water lines still broken after napa earthquake DD sinkholes found #sacramento httpAddress,__label__1
boy hurt in california quake i should be dead boy badly hurt by bricks in california quake says lucky to httpAddress httpAddress,__label__1
httpAddress earthquake DD #earthquake three critically injured almost DD treated at napa hospita httpAddress,__label__1
rt usrId napa earthquake 2014 we will rebuild httpAddress,__label__1
play on httpAddress earthquake damage and spilled wine in napa the new york times httpAddress,__label__1
rt usrId httpAddress DD earthquake damage from northern california earthquake could reach 1 billion httpAddress,__label__1
rt usrId meadowbrook lane in napa skaters finding upside to quake httpAddress photo from #nbcbayarea photog jeremy carroll httpAddress,__label__1
more than DD hurt after httpAddress quake hits northern httpAddress,__label__1
rt usrId usa httpAddress DD earthquake napa earthquake power restored to thousands cleanup continues heyyouapp #earth,__label__1
rt usrId httpAddress DD bay area earthquake damages napa county airport #earthquake clean up is still underway in,__label__1
news conference city officials assess damage following napa quake city officials assess damage following httpAddress httpAddress,__label__1
about DD people were injured after a httpAddress #earthquake hit n . #california httpAddress httpAddress httpAddress,__label__1
rt usrId 20 00 homes were left without power following the magnitude D earthquake that hit httpAddress #9newatD,__label__1
rt usrId california usa el monte httpAddress #earthquake DD dozens injured D critically after strong earthquake in,__label__1
california usa richmond httpAddress #sfgate DD napa damaged more than DD hurt in northern california quake sfgate nicoleew,__label__1
rt usrId meadowbrook lane in napa skaters finding upside to quake httpAddress photo from #nbcbayarea photog jeremy carroll httpAddress,__label__1
rt usrId rt usrId battered napa takes stock of quake damage as power returns httpAddress #esri #gis,__label__1
damage the napa #quake caused at bouchaine the winery closest to httpAddress barrels cracked spilled wine httpAddress httpAddress,__label__1
drone footage shows napa quake damage httpAddress via usrId,__label__1
rt usrId oh asswholefoods suffered damages in httpAddress anyone feel badly ? anyone ? breuller ? #boycottwholefoods #earthquake httpAddress,__label__1
httpAddress earthquake critically injures D people in napa california httpAddress,__label__1
emergency mgmt earthquake in napa httpAddress leaves widespread damage httpAddress,__label__1
after quake napa winemakers react to shaking then assess damage httpAddress,__label__1
over DD injured in napa quake via breitbart #tcot httpAddress,__label__1
rt usrId california usa visalia httpAddress #earthquake D dozens injured D critically after strong earthquake in calif,__label__1
rt usrId httpAddress DD earthquake bay area earthquake damages napa county airport httpAddress,__label__1
california usa downey httpAddress #sfgate DD napa damaged more than DD hurt in northern california quake sfgate janinebucks,__label__1
california quake means big damage for napa valley wineries httpAddress,__label__1
rt usrId nancy pelosi s hotel in napa she and her husband httpAddress how much will taxpayers spend to repair earthquake damage ? http,__label__1
#california #wine country rocked by 6.0 #quake dozens hurt httpAddress #invest #collector #gbluxe #portfolio #wealth,__label__1
even buildings with seismic retrofits damaged in napa earthquake httpAddress #capolitics #politics #cities #earthquakes,__label__1
rt usrId update earthquake in california s napa valley near san francisco injures at least DD httpAddress,__label__1
nbc4 news at 11 post emmys coverage drone video shows napa quake damage triple killings investigation amp ; more httpAddress,__label__1
losses from california quake could top 1 billion the httpAddress earthquake damaged buildings knocked httpAddress httpAddress,__label__1
drone shows napa quake s impact from above as doctors treated injured locals and geologists measured httpAddress httpAddress,__label__1
rt usrId httpAddress DD 6.0 earthquake jolts bay area damage and at least DD injuries reported it was the largest,__label__1
rt usrId ontario can ottawa httpAddress breaking news DD earthquake today bay area earthquake damages napa county airpor,__label__1
rt usrId thousands of california s brick buildings will come down in quake shaking usrId usrId httpAddress,__label__1
strong california quake causes injuries damage httpAddress,__label__1
npr news california quake means big damage for napa valley wineries httpAddress,__label__1
the san francisco earthquake in wine country injured dozens of people httpAddress,__label__1
#replaysports in napa business working through #napaquake aftermath #damage #mapit httpAddress,__label__1
top story dozens injured after california earthquake httpAddress httpAddress see more httpAddress,__label__1
rt usrId wineries and other businesses in northern california s wine country assess damage after today s earthquake httpAddress,__label__1
rt usrId usa httpAddress DD earthquake three critically injured almost DD treated at napa hospital following 6.0 ..,__label__1
#losdelsonido n . california earthquake damage could reach 1b northern california is cleaning up one day after httpAddress #ivanberroa,__label__1
california earthquake wine country clears up damage around napa httpAddress,__label__1
rt usrId napa quake damage turning into tourist attraction olive oil store now greasy and expensive mess httpAddress #san,__label__1
rt usrId meadowbrook lane in napa skaters find upside to quake httpAddress video httpAddress pic by jeremy carroll httpAddress,__label__1
explosions and httpAddress 11pm usrId hear from local people who just landed at phl from the quake zone in httpAddress,__label__1
napa earthquake first a boom then flames at mobile home park #jobs httpAddress httpAddress,__label__1
#us boy hurt in california quake i should be dead davis httpAddress ap thirteen year old nicholas httpAddress httpAddress #news,__label__1
update 1 california wine country quake losses seen in the billions reuters cnnupdate 1 california wine httpAddress httpAddress,__label__1
napa wineries continue earthquake damage clean up httpAddress via usrId,__label__1
rt usrId listening to reports from #sf bay area re damage from 6.0 #earthquake httpAddress some bldg httpAddress pg amp ; e outages 50k custo,__label__1
losses from california quake could top 1 billion new yorktimes httpAddress,__label__1
rt usrId usa news httpAddress hot news DD earthquake dozens injured D critically after strong earthquake in califo,__label__1
photos show damage following napa earthquake httpAddress,__label__1
strong magnitude D earthquake rocks san francisco bay area dozens hurt significant damage in napa cbs san fran httpAddress,__label__1
update 10 california wine country shaken by 6.0 quake dozens hurt reuters httpAddress #earthquakesf #napa #earthquake,__label__1
strong california quake causes injuries damage httpAddress,__label__1
every old person be like noo usrId california earthquake hits wine region hard destroying thousands of bottles and barrels of wine,__label__1
rt usrId napa skaters find upside to quake httpAddress video httpAddress pic jeremy carroll httpAddress,__label__1
drone shows napa quake s impact from above as doctors treated injured locals and geologists measured httpAddress httpAddress,__label__1
napa earthquake damage estimated at 1billion httpAddress,__label__1
strong california quake causes injuries damage httpAddress via usrId,__label__1
rt usrId #earthquake update from city of napa DD treated at queen of the valley no httpAddress no new patients since 11pm httpAddress,__label__1
colorado usa fort collins #earthquake D northern california rattled by httpAddress httpAddress dozens httpAddress httpAddress,__label__1
quake in california s wine country injures dozens,__label__1
chesco entertnmt quake causes 1b in damage to napa wine country httpAddress,__label__1
boy hurt in california quake i should bedead httpAddress,__label__1
losses from california quake could top 1 billion early sunday morning franz oehler s house blew httpAddress httpAddress,__label__1
rt usrId tsk tsk sfgate #napaquake damages reveal city officials did not enforce seismic upgrades for all httpAddress httpAddress,__label__1
top story rt usrId DD injured buildings damaged after 6.0 quake rattles na httpAddress see more httpAddress,__label__1
rt usrId what 6.0 #earthquake did to #napa many injuries no known httpAddress httpAddress httpAddress,__label__1
rt usrId look support bace cracked ! #maxwellbridge damage from #napaquake being addresses by usrId update 6pm #mapit http,__label__1
rt usrId california usa torrance httpAddress #sfgate DD napa damaged more than DD hurt in northern california quake,__label__1
rt usrId oh california rt usrId skaters finding upside to quake httpAddress photo from #nbcbayarea photog jeremy carroll htt,__label__1
boy hurt in california quake i should be dead httpAddress,__label__1
california assessing damage after large quake httpAddress,__label__1
bridges overpasses earn approval after northern california quake sfgate httpAddress #earthquakesf #napa #earthquake,__label__1
quake in california s wine country injures dozens,__label__1
rt usrId httpAddress DD bay area earthquake damages napa county airport #earthquake clean up is still underway in,__label__1
rt usrId ca #earthquake caused structural damage to public amp ; private buildings amp ; left 69 00 residents httpAddress electricity httpAddress,__label__1
quake in california s wine country injures dozens httpAddress,__label__1
more than DD water lines still broken after napa earthquake DD sinkholes found #sacramento httpAddress,__label__1
thousands without power following httpAddress earthquake in california thousands are without power on httpAddress httpAddress,__label__1
rt usrId thinking of all those dealing with the #aftermath of the #earthquake in httpAddress,__label__2
rt usrId the extent of my parents helping me move to san francisco has been them looking up earthquake videos and warning me .,__label__2
hoping for best powerful earthquake shakes northern california httpAddress httpAddress,__label__2
rt usrId httpAddress DD #earthquake earthquake state of emergency declared after california earthquake httpAddress,__label__2
i really like graphs and this one is pretty good the napa earthquake woke this many jawbone up wearers httpAddress,__label__2
prayers to all affected by #napaearthquake this morning httpAddress,__label__2
full statement by napa valley vintners on new #earthquake relief find with link for making donations httpAddress via naparegis,__label__2
rt usrId the usrId shelters in napa and vallejo remain open to assist those affected by the httpAddress #napaquake,__label__2
excellent usrId story by usrId on the #earthquake early warning system in development in #california httpAddress,__label__2
elca offers prayers for those affected by california earthquake via usrId httpAddress #unys,__label__2
rt usrId boe announces emergency tax relief for business owners affected by south napa earthquake httpAddress,__label__2
rt usrId sending my thoughts out to napa county firefighters i ve met from cal fire lnu out working the quake today praying for y,__label__2
rt usrId willie brown will present 50 00 check weds from raiders to napa valley schools to assist in efforts to recover from sun,__label__2
napa earthquake lessons how to prepare your business for disaster httpAddress,__label__2
rt usrId hoping that everyone involved in the napa #earthquake is httpAddress thank you to all the incredible rescue httpAddress,__label__2
scores of aftershocks from napa earthquake felt more on the way los angeles times httpAddress of httpAddress httpAddress,__label__2
#3tking napa earthquake hastens calls for warning system httpAddress,__label__2
rt usrId do you want to help wineries who need help ? here s one way you can napa earthquake volunteers httpAddress,__label__2
mexico expresses solidarity to california after quake httpAddress #en,__label__2
rt usrId sending thoughts and prayers to all those affected by the httpAddress #napa #napaearthquake,__label__2
rt usrId a look at napa after the earthquake how to httpAddress httpAddress #wine #winelover,__label__2
rt usrId napa earthquake victims urged to only hire licensed contractors for repairs cal oes httpAddress httpAddress,__label__2
give where you live how to help bay area earthquake victims via usrId httpAddress,__label__2
rt usrId affected by the #napaearthquake and need help ? want to volunteer to help ? please use this forum to connect plz rt ht,__label__2
new alert system improves earthquake warning in california httpAddress,__label__2
after the napa earthquake should california consider a warning system ? httpAddress via usrId httpAddress,__label__2
rt usrId httpAddress DD state of emergency declared after california earthquake jerry brown declared a state of em,__label__2
northern california had an earthquake now southern california had a bigger httpAddress colbert ? #emmys,__label__2
usrId gt ; #quake m 1.5 3km se of calistoga california time2014 08 28 18 25 40 utc2014 08 28 .. httpAddress #warning !,__label__2
usrId library and all four campuses basically zero httpAddress our thoughts are with everyone affected by #napaquake httpAddress,__label__2
rt usrId earthquake m 2.9 8km sw of napa california dyfi ? iitime2014 08 26 00 02 34 utc2014 08 25 17 02 34 httpAddress httpAddress,__label__2
rt usrId just in httpAddress brown declares state of emergency in california due to south napa #earthquake httpAddress,__label__2
#napaquake prayers to all in napa tonight,__label__2
rt usrId that wasn t an earthquake that was httpAddress rt usrId state of emergency declared after california earthquake httpAddress,__label__2
rt usrId httpAddress DD earthquake state of emergency declared after california earthquake httpAddress,__label__2
usrId gt ; #quake m 1.4 6km nw of the geysers california time2014 08 28 17 18 06 httpAddress httpAddress #warning !,__label__2
usrId know someone who experienced property damage in the #napaquake ? you may need expert httpAddress httpAddress,__label__2
rt usrId thoughts and prayers go out to all those affected by yesterday s earthquake in #napa #california httpAddress,__label__2
rt usrId will federal aid arrive for #napaquake ? httpAddress httpAddress,__label__2
best place to die in earthquake ? try san httpAddress how california cities are and aren t preparing for the big one httpAddress,__label__2
our thoughts are with all those affected by the httpAddress wishing friends amp ; businesses quick httpAddress #napaearthquake #napa #earthquake,__label__2
rt usrId california early warning system gave only 10 second alert before big napa quake httpAddress,__label__2
rt usrId state of emergency after quake hits california wine httpAddress httpAddress,__label__2
ucla civil and engineering department re ca water supply and napa httpAddress we dodged a bullet this httpAddress httpAddress,__label__2
rt usrId expect aftershocks after the #napa #earthquake usually less violent than main quake but can damage weakened httpAddress,__label__2
rt usrId thoughts amp ; prayers httpAddress everyone affected by this morning s quake in the bay httpAddress,__label__2
my heart goes out to all of those affected by the napa quake this httpAddress as a native southern californian httpAddress httpAddress,__label__2
usrId thx for rt of #napaearthquake help forum httpAddress #napaquake,__label__2
rt usrId did you feel yesterday s 6.0 #earthquake in ca ? help our friends at usrId collect data by completing their survey ! httpAddress,__label__2
rt usrId the kids tell me they will donate to the napa landmarks to help rebuild the downtown httpAddress #napaquake httpAddress,__label__2
recovering from quake napa county requests federal disaster assistance the napa county board of httpAddress httpAddress,__label__2
rt usrId since sunday s #napaquake #redcross has served 2 470 httpAddress amp ; provided DD overnight httpAddress shelters are still o,__label__2
i hope the people of california are good amp ; no one got hurt or dead from the big httpAddress,__label__2
rt usrId raiders assist in napa earthquake recovery efforts httpAddress,__label__2
usa today gives the low down on httpAddress our thoughts go out to all those httpAddress read all about it here httpAddress,__label__2
rt usrId wine industry insight forum to link those needing help and those in the industry wanting to volunteer httpAddress,__label__2
sending our thoughts to all in #napa #wine region affected by #napaquake from friends in #adelaidehills #southaustralia usrId,__label__2
my thoughts are with my friends amp ; neighbors in napa #napaquake,__label__2
rt usrId napa wine industry quake help forum created winereviewblog share with friends science environment .. http,__label__2
california governor declares state of emergency after quake httpAddress,__label__2
rt usrId my first thought when reading about the earthquake on california httpAddress httpAddress,__label__2
rt usrId state of emergency declared after california earthquake httpAddress,__label__2
rt usrId there s a 99 chance a strong earthquake will happen in california before 2038 httpAddress #disturbing #prep,__label__2
i really don t understand anyone who s making fun of the earthquake in httpAddress it was really severe and damaged people s homes and httpAddress,__label__2
salvation army responding to california earthquake httpAddress,__label__2
my prayers go to those who got injured ! thankful my god daughter is okay #napaearthquake,__label__2
rt usrId watch live usrId reports some DD people are at the #quake evacuation shelter in httpAddress httpAddress,__label__2
rt usrId usrId our hearts are broken seeing the damage usrId in httpAddress #napaquake #napaearthquake trefethen nee,__label__2
rt usrId i ve just heard about the north california httpAddress i hope you all are okay lt ;3,__label__2
rt usrId napa earthquake uc berkeley shakealert system gave DD second warning of light shaking httpAddress,__label__2
rt usrId safely enjoying northern httpAddress my prayers and thoughts are with everyone affected by this mornings httpAddress,__label__2
fitness trackers help quantify california s quake httpAddress,__label__2
#napaquake our thoughts go out to the residents of napa and surroundings at time when neighbors matter most usrId,__label__2
thoughts go out to the napa valley residents who were affected by httpAddress sure this adds to the tribulations of living in wine country,__label__2
our heartfelt wishes are for the people in california that experienced the httpAddress creatively yours httpAddress httpAddress,__label__2
napa earthquake residents many of them seniors flee from devastating mobile home fire an intense blaze httpAddress httpAddress,__label__2
#rafiswagger renewed calls for early warning system after quake california quake leads to httpAddress httpAddress #rafiswagger,__label__2
#drinknapa and help our neighbors who lost so much ! httpAddress,__label__2
rt usrId former raiders lb usrId encourages you to help with napa earthquake httpAddress httpAddress,__label__2
i just heard about the earthquake in california i hope everyone s safe and sound over there,__label__2
we are grateful to report we suffered no damage to our winery or offices and aside from reorganized homes everyone is httpAddress #napaquake,__label__2
so sorry for those who suffered injuries and httpAddress rt earthquake strikes napa valley ; wine spectator httpAddress,__label__2
rt usrId buy napa valley wine ! wineries lost a lot in the httpAddress buying will help them httpAddress great idea usrId,__label__2
first thoughts to anyone injured of course but havok wreaked in napa and sonoma is sad news httpAddress,__label__2
usgs reports a httpAddress #earthquake 10km wnw of big bear lake california on httpAddress 6 12 20 utc httpAddress #quake,__label__2
rt usrId caught news about the floods in busan and earthquake in httpAddress let s pray for everyone s safety !,__label__2
rt usrId our httpAddress for #avtweeps usrId usrId in recovery from httpAddress pls support them and usrId in t,__label__2
raiders assist in napa earthquake recovery efforts the american red cross napa valley unified school httpAddress httpAddress,__label__2
rt usrId pge4me donates DD lunches breakfast food to usrId shelter to help #napaquake httpAddress httpAddress,__label__2
napa valley community foundation may be able to help gather donations for the quake impacts like usrId httpAddress,__label__2
us #us news #california #earthquake #quake #warning california earthquake spurs calls for statewide warning system httpAddress,__label__2
our thoughts and hearts are with all our napa friends and those affected by the httpAddress,__label__2
rt usrId sending healing stable thoughts to friends in napa httpAddress those who lost wine httpAddress #napa #earthquake,__label__2
rt usrId usa news httpAddress hot news DD earthquake northern california rattled by httpAddress httpAddress dozens i,__label__2
rt usrId raiders to help napa in earthquake recovery httpAddress httpAddress httpAddress,__label__2
usrId usrId heard she was first in line to volunteer to help clean up the napa quake httpAddress,__label__2
california governor declares state of emergency after earthquake northern california reacts to the largest httpAddress httpAddress,__label__2
the staff at sonapa sends our thoughts to our friends in the napa valley #napaquake,__label__2
#usgs #breaking m httpAddress 1km ese of the geysers california httpAddress #pasthour #13 #earthquake #tsunami #prayfromjapan,__label__2
california earthquake no early warning system napa residents werent warned of the recent httpAddress httpAddress httpAddress,__label__2
rt usrId volunteers flock to napa to help earthquake victims httpAddress the kindness of strangers just keeps on amazing m,__label__2
rt usrId california httpAddress jerry brown declares a state of emergency following httpAddress earthquake usrId httpAddress,__label__2
napa stake president reports some lds families may be displaced thanks to severe structural damage to httpAddress #napaquake #churchnews,__label__2
usrId gt ; #quake m 1.0 3km nnw of the geysers california time2014 08 28 20 37 15 httpAddress httpAddress #warning !,__label__2
D shelters open for #napaquake crosswalk cmnty church D590 1st st #napa amp ; florence douglas cntr DD amador st #vallejo redcrossbayarea,__label__2
rt usrId obama has been briefed on the napa httpAddress he expressed deep concern amp ; has sent out a special envoy to evaluate th,__label__2
oakland raiders to donate 50 00 for earthquake relief in napa httpAddress,__label__2
rt usrId earthquake warning systems httpAddress why wont california pay for one ? httpAddress httpAddress,__label__2
our thoughts prayers and best wishes are with our friends south of us in sonoma amp ; napa after the recent httpAddress #napastrong,__label__2
80m for DD second heads up on a quake early warning system sounded alarm before california earthquake httpAddress via usrId,__label__2
rt usrId northern california still at risk of aftershocks from largest earthquake since DD httpAddress,__label__2
rt usrId expert urges california nuclear plant closure over quake threat httpAddress critics call diablo canyon a cat,__label__2
check it out ! i donated to napa earthquake volunteers httpAddress via usrId,__label__2
rt usrId raiders usrId willie brown represents the silver amp ; blackbin napa as the team helps with earthquake httpAddress httpAddress,__label__2
usrId there was also an earthquake in california prayers for those people that had a lot of property damage,__label__2
emergency mgmt earthquake early warning system successfully alerted california researchers httpAddress,__label__2
rt usrId glad no one was injured in httpAddress rt usrId will be barrel pickup sticks #napaearthquake httpAddress,__label__2
hope everyone s able to get through today s 6.0 #earthquake in bay area of httpAddress,__label__2
rt usrId my thoughts httpAddress everyone involved in httpAddress thank you to the rescue workers !,__label__2
rt usrId photographers capture northern california s #earthquake httpAddress our hearts go out to those impacted by it . httpAddress,__label__2
rt usrId many pets frightened by #earthquake in napa are missing amp ; possibly httpAddress this group is trying to help httpAddress,__label__2
prayers for the people of napa california ! #earthquake,__label__2
# napa earthquake hastens calls for warning system the earthquake that jolted cali httpAddress,__label__2
rt usrId after #napaquake usrId is collecting donations at all of its stores for #napa httpAddress shelters and will ma,__label__2
rt usrId shelter open in napa crosswalk community church DD httpAddress st in httpAddress #napaquake,__label__2
#yeremiito21 napa earthquake hastens calls for warning system napa earthquake hastens calls .. httpAddress #yeremiito21,__label__2
napa earthquake hastens calls for warning system seattle times business and technology httpAddress,__label__2
napa earthquake exposes dangers found in homes shops churches sfgate httpAddress via usrId,__label__2
rt usrId sending good thoughts to guild friend steve matthiasson and anyone else affected usrId #napaearthquake httpAddress,__label__2
alert m 2.9 8km sw of napa california httpAddress #earthquake,__label__2
thoughts and prayers to california httpAddress,__label__2
rt usrId my thoughts are with everyone in the napa valley area .. #earthquake,__label__2
rt usrId willie brown will present napa valley unified school district .. with a check from #raiders to assist in efforts to reco,__label__2
how about buying only napa wines to help those in trouble from the earthquake last httpAddress,__label__2
#brandysolamente quake hits california state of emergency issued as officials weigh damage photos httpAddress httpAddress,__label__2
rt usrId #breaking california httpAddress jerry brown has declared a state of emergency following httpAddress earthquake httpAddress,__label__2
napa earthquake hastens california calls for early warning system dianne feinstein joins renewed calls for httpAddress httpAddress,__label__2
expert urges california nuclear plant closure over earthquake threat former lead inspector for diablo canyon .. httpAddress,__label__2
in the aftermath of the south napa earthquake that hit northern california this morning one couple is trying httpAddress httpAddress,__label__2
rt usrId willie brown will present 50 00 check weds from raiders to napa valley schools to assist in efforts to recover from sun,__label__2
rt usrId what is earthquake early warning all about and how could it have helped in the #napaquake ? httpAddress,__label__2
rt usrId mississippi usa jackson httpAddress breaking news DD earthquake state of emergency declared in california earthq,__label__2
napa earthquake a reminder to be prepared emergency httpAddress httpAddress #appropriationscommittee #napasunday #napavalley,__label__2
rt usrId help pets find their homes ! napa shelter has pics of pets that were found after the earthquake httpAddress httpAddress,__label__2
rt usrId #ibew members respond to napa earthquake httpAddress #1u via usrId,__label__2
rt usrId my prayers go out to peoples of #california #earthquake,__label__2
rt usrId there is also a shelter open in vallejo for those needing a place to stay florence douglas center DD amador st vall,__label__2
rt usrId hoping the best for those affected by the napa earthquake have to shoutout the usrId for ending with this line ht,__label__2
usrId an earthquake hit httpAddress hope your family is httpAddress,__label__2
early earthquake warning system helped in napa but could be more widespread httpAddress link fixed ! httpAddress,__label__2
rt usrId thankful i wasn t at my desk when the #napaquake httpAddress view of usrId httpAddress thoughts to everyone httpAddress htt,__label__2
how the napa earthquake affected sleep in northern california httpAddress,__label__2
our thoughts are with the people who were httpAddress damage in the httpAddress being DD miles away we felt it . httpAddress,__label__2
rt usrId please keep those affected by the recent earthquake in napa ca in your httpAddress city inspectors have red httpAddress h,__label__2
check out usrId forum to volunteer to help winemakers amp ; vintners following #napaearthquake httpAddress,__label__2
napa earthquake hastens calls for warning system httpAddress #news #world news,__label__2
not safe usrId how safe are rising httpAddress towers in wake of napa earthquake ? httpAddress,__label__2
usrId thank god u left california they had an earthquake,__label__2
rt usrId san francisco mayor ed lee toured #quake damage in napa this morning and offered help httpAddress #earthqu,__label__2
D things to know about earthquake faults D things to know about earthquake faults in california httpAddress usrId,__label__2
rt usrId prayers for all in #napaquake !,__label__2
rt usrId note to #napa be safe all ! help each httpAddress share candles flashlights #food #wine water amp ; httpAddress to all !!,__label__2
rt usrId if you smell gas shut it off and httpAddress call usrId at httpAddress dont turn it back on without their httpAddress #,__label__2
willie brown will present 50 00 check weds from raiders to napa valley schools to assist in efforts to recover from sunday s httpAddress,__label__2
salvation army responds to the napa california earthquake the salvation army httpAddress #napa #earthquake,__label__2
rt usrId watch live authorities give update on response to #california #earthquake httpAddress,__label__2
a true tragedy #lagunitas #beer #napa #earthquake #alwayssunnyincalifornia httpAddress,__label__2
all my thoughts and wishes go out to all my friends and family in napa after the devastating httpAddress #napaearthquake #missmyson,__label__2
i love california and lived in sacramento for a period but nah yo . i m not getting taken out by an httpAddress i m good on all httpAddress,__label__2
rt usrId httpAddress doing some good in httpAddress donating 50 00 to help area recover from recent httpAddress good on you silver and httpAddress,__label__2
usrId gt ; #quake m 1.4 3km s of wofford heights california time2014 08 27 05 24 44 httpAddress httpAddress #warning !,__label__2
httpAddress httpAddress dont mind a bit of californian wine disaster in napa !! and obv all others affected by the quake too,__label__2
oakland raiders to donate to napa schools following sunday s httpAddress earthquake that struck the heart httpAddress httpAddress,__label__2
rt usrId early warning system sent alert before south napa earthquake httpAddress via usrId,__label__2
rt usrId girls start lemonade stand to help with #napaquake relief httpAddress httpAddress,__label__2
rt usrId why don t california homeowners have earthquake insurance ? httpAddress,__label__2
#napaquake hits httpAddress one local felt the quake one is keeping his family in his httpAddress usrId usrId httpAddress,__label__2
rt usrId former raiders lb usrId encourages you to help with napa earthquake httpAddress httpAddress,__label__2
thoughts prayers to our friends with #earthquake damage fears in httpAddress take care httpAddress,__label__2
looking at pix of busted #wine bottles in #napaquake making me sad and ready for #happyhour .. will toast w a #california #wine,__label__2
expert urges california nuclear plant closure over earthquake threat former lead inspector for diablo canyon .. httpAddress,__label__2
#california has been trending 30min on the earthquake page httpAddress #tweetzup,__label__2
california legislature passes bill to create statewide earthquake warning system yet it must be httpAddress crowdfund ! httpAddress,__label__2
rt usrId usa news httpAddress hot news DD earthquake california hit with earthquake of 6.0 magnitude #earthquake usa,__label__2
rt usrId thank you for your well wishes about napa earthquake open for business thanks to our amazing hard working httpAddress hb http,__label__2
this weekend s quake in northern #california should serve as a reminder to all those in #earthquake prone areas to be prepared ! are you ?,__label__2
volunteers flock to napa to lend quake victims a helping hand #jobs #news #career #jobsila # httpAddress,__label__2
usrId should play a benefit show in napa to help us repair from the quake ! #napaquake #bayareaquake #bayarea #geazy #repairnapavalley,__label__2
civil servants supporting napa earthquake relief are httpAddress great to see them rise to the httpAddress #napaquake,__label__2
rt usrId httpAddress DD state of emergency declared after california earthquake jerry brown declared a state of emer,__label__2
rt usrId #raiders will donate 50 00 to help recovery efforts from the napa httpAddress it is the teams training camp httpAddress,__label__2
#house candidate #jameshinton #federalreserve must help rebuild #napa #sonoma #northbay c 0 30 year loans today httpAddress,__label__2
rt usrId usa httpAddress scores of aftershocks from napa earthquake felt more on the way usa officials have warned t,__label__2
quake hits california state of emergency issued as officials weigh damage httpAddress,__label__2
#earthquake #preparedness #california are you prepared ? every day is earthquake season in httpAddress httpAddress httpAddress,__label__2
a 6.0 magnitude earthquake hit northern california this httpAddress are you as prepared as you should be if the big one hits httpAddress #cbc,__label__2
rt usrId the guardian angels have arrived to help keep an eye on things in downtown httpAddress #earthquake #jauntyberets httpAddress,__label__2
usrId gt ; #quake m 1.3 6km nw of the geysers california time2014 08 27 20 47 09 httpAddress httpAddress #warning !,__label__2
rt usrId applause rt usrId california in one httpAddress mt usrId napa skaters find upside to quake httpAddress http,__label__2
rt usrId we were pleased to donate 8 00 gallons of water to help our httpAddress salvation army partners w #napaquake relief httpAddress,__label__2
our thoughts and best wishes go out to all of our friends in napa and httpAddress #napaquake,__label__2
rt usrId mexico president enrique pena nieto expresses solidarity with #california after #napa earthquake httpAddress #kcra,__label__2
earthquake in california and storming back home in tci #whatthe #stranded,__label__2
how you can help those hurt in the napa earthquake sfgate httpAddress,__label__2
lodi wine industry reaches out to help napa wineries affected by earthquake cbs sacramento httpAddress,__label__2
usrId gt ; #quake m 0.7 6km nw of the geysers california time2014 08 27 18 19 37 httpAddress httpAddress #warning !,__label__2
catholic charities helps with relief after httpAddress quake napa httpAddress aug 26 DD httpAddress 05 07 am ewtn newshttpAddresscna .. http httpAddresshttpAddresst . cohttpAddressgakxsqyvtk,__label__2
rt usrId httpAddress DD california earthquake california earthquake prompts calls for early warning system mandari6 #ca,__label__2
usa httpAddress scores of aftershocks from napa earthquake felt more on the way usa officials have warned the public to b,__label__2
rt usrId napa county vintners announces 10mil fund for #napaquake aid usrId httpAddress,__label__2
rt usrId bart had a DD second warning before sundays napa httpAddress why didnt everyone else ? httpAddress,__label__2
httpAddress rt usrId there will b billions of in damage this httpAddress please support your #napa businesses amp ; buy more httpAddress,__label__2
pulling a double shift to go help the earthquake relief in httpAddress,__label__2
i feel sorry for the california earthquake damage httpAddress that is the last place on the planet anyone would expect an httpAddress,__label__2
rt usrId oakland raiders are donating 50 thousand dollars to the napa area earthquake relief httpAddress #napaquake httpAddress,__label__2
raiders assist in napa earthquake recovery efforts httpAddress,__label__2
please retweet i am asking for prayers for all of napa ca . they are hurting up there with 200 people hurt 1billion n damages from earthquake,__label__2
prayers go out to napa valley california to the 200 people injured from the earthquake this morning,__label__2
our thoughts go out to those who have lost wine due to the #napaquake httpAddress,__label__2
rt usrId everyone stay httpAddress aftershocks httpAddress #napa #californiaearthquake #earthquake httpAddress,__label__2
rt usrId raiders usrId willie brown represents the silver amp ; black in napa as the team helps with earthquake httpAddress httpAddress,__label__2
rt usrId expert urges california nuclear plant closure over earthquake threat cbs news httpAddress #nuclear,__label__2
rt usrId ty to all who sent messages of help amp ; httpAddress we continue to update info as we can see httpAddress #nvv #napa,__label__2
rt usrId if you really want to help #drinknapa #wines #napaquake httpAddress,__label__2
outstanding work today from my usrId colleague usrId on the napa httpAddress follow his remarkable twitter httpAddress,__label__2
rt usrId video pg amp ; e employees descend on napa to aid customers impacted by earthquake httpAddress via usrId #custserv #,__label__2
rt usrId california httpAddress jerry brown declares a state of emergency following httpAddress earthquake usrId httpAddress,__label__2
rt usrId raiders assist in napa earthquake recovery efforts updated the american red cross napa valley unified school dis http,__label__2
#napa region needs your help ! wff team encourages you to eat drink amp ; play in napa after #napaquake usrId httpAddress,__label__2
aftershocks aid are focus days after napa earthquake as aftershocks from sunday s powerful httpAddress httpAddress #quake #news,__label__2
rt usrId please consider donating if you can napa humane is caring for pets whose owners are in shelters httpAddress #napa,__label__2
rt usrId #napaquake the children tell me it s tough to process to help them they decided to sell baked goods amp ; lemonade httpAddress,__label__2
#usaheadlines northern california quake no way to know when next one will hit httpAddress,__label__2
that was your wake up call california D steps to #earthquake safety httpAddress,__label__2
catholic charities helps with relief after httpAddress quake napa valley httpAddress aug 26 DD httpAddress 04 07 am cnahttpAddressewt .. http httpAddresshttpAddresst . cohttpAddressuc03qewtom,__label__2
rt usrId httpAddress DD northern california braces for aftershocks after magnitude 6.0 earthquake residents of n,__label__2
rt usrId attention all !! for those attending this thursdays raider game usrId will be collecting donations for #napaquake victims,__label__2
the napa food bank is very low on httpAddress need non perishable foods volunteers needed f donations too #napaquake #earthquake,__label__2
skaters make best of napa earthquake by shredding buckled streets to quote jurassic park s esteemed httpAddress httpAddress,__label__2
our thoughts amp ; best wishes are with our fellow winemakers in #napa httpAddress,__label__2
rt usrId the sf bay area shook last night from an earthquake but the gopro grand prix is on . our thoughts go out to our bay area friends,__label__2
rt usrId D shelters open for #napaquake crosswalk cmnty church D590 1st st #napa amp ; florence douglas cntr DD amador st #vallej,__label__2
rt usrId icymi willie brown presented a donation on behalf of the raiders for napa earthquake httpAddress httpAddress httpAddress,__label__2
us #california #earth #quake spurs calls for statewide #warning system napa httpAddress earthquake that httpAddress httpAddress,__label__2
rt usrId D shelters open for #napaquake crosswalk cmnty church D590 1st st #napa amp ; florence douglas cntr DD amador st #vallejo,__label__2
rt usrId salvation army responding to napa earthquake the salvation army httpAddress #earthquake,__label__2
alixandro wilson renewed calls for early warning system after quake california httpAddress httpAddress alixandro wilson,__label__2
first time i ve ever said aw poor friend in napa #earthquake #winecountry,__label__2
my prayers to the northern ca . people who are in the earthquake,__label__2
rt usrId still we find beauty amp ; fun among the httpAddress usrId i love california rt usrId napa quake httpAddress,__label__2
rt usrId california usa rancho cucamonga httpAddress breaking news DD earthquake powerful earthquake slams san francisco,__label__2
rt usrId thankful i wasn t at my desk when the #napaquake httpAddress view of usrId httpAddress thoughts to everyone httpAddress htt,__label__2
the napa food bank is very low on httpAddress need non perishable foods volunteers needed f donations too #napaquake #earthquake,__label__2
catholic charities helps with relief after httpAddress quake napa valley httpAddress aug 26 DD httpAddress 04 07 am cnahttpAddressewt .. http httpAddresshttpAddresst . cohttpAddressuc03qewtom,__label__2
