rt usrId alas ! flood claims first casualty in media journalist shafat siddiqui is no more rising httpAddress latest news . ht,__lable__1
rt usrId death toll climbs in #india #pakistan #floods #kashmirfloods #pakistanfloods httpAddress httpAddress,__lable__1
they are not organized like httpAddress DD dead in landslides floods in northeast india httpAddress,__lable__1
rt usrId jammu amp ; kashmir floods iaf army ndrf step up rescue operations as death toll reaches DD httpAddress httpAddress,__lable__1
eight people killed as boat capsizes in multan flood httpAddress #pakistantoday,__lable__1
#usaheadlines death toll from floods in india pakistan reaches DD httpAddress,__lable__1
rt usrId just in dainik jagran journalist shafat siddiqui has died in kashmir httpAddress,__lable__1
#lmswageer flood waters submerge swathes of kashmir ; DD dead flood waters submerge large swathes httpAddress httpAddress #sigueme,__lable__1
#news #rt death toll from floods in india pakistan surpasses DD toronto star httpAddress httpAddress,__lable__1
rt usrId shouldn t rahul as putative leader of opp amp ; httpAddress kashmiri himself be in j amp ; k to help oversee flood relief ?,__lable__1
rt usrId floods unleash more misery in jammu and kashmir ; death toll mounts to 150 narendra modi announces rs DD crore aid httpAddress,__lable__1
video wedding tragedy as groom dies in floods flooding in the kashmir region of northern india and pakistan .. httpAddress,__lable__1
flood waters submerge swathes of kashmir ; DD dead flood waters submerge large swathes of kashmir ; DD dead httpAddress,__lable__1
rt usrId india pakistan in frantic efforts to save thousands from floods that have killed at least DD httpAddress httpAddress,__lable__1
rt usrId httpAddress DD httpAddress 96 00 httpAddress floods start to recede in httpAddress httpAddress via usrId,__lable__1
rt usrId worst floods in DD years leave hundreds dead in kashmir httpAddress httpAddress,__lable__1
#hungary at least DD dead as flood rescue boat capsizes in pakistan at least DD dead as flood rescue .. httpAddress #poland,__lable__1
#india kashmir floods nearly DD rescued death toll over DD livemint httpAddress #topstories,__lable__1
#usaheadlines death toll from india pakistan floods reaches DD httpAddress,__lable__1
#losdelsonido india pakistan floods death toll reaches DD death toll from floods in india pakistan reaches DD httpAddress #ivanberroa,__lable__1
floating bodies shallow graves in flood hit kashmir httpAddress,__lable__1
#newsupdates death toll from india pakistan floods reaches DD httpAddress,__lable__1
india offers help to pakistan on floods at least DD people have been killed and thousands more stranded by httpAddress httpAddress,__lable__1
india pakistan monsoon death toll rises flash floods and landslides triggered by days of heavy monsoon httpAddress httpAddress,__lable__1
death toll from floods in india and pakistan has passed DD we ll talk live to usrId who s by river jhelum httpAddress,__lable__1
#usaheadlines pakistan india flood death toll passes DD httpAddress,__lable__1
#lebanon toll from pakistan india floods rises over 230 i24news httpAddress httpAddress #turkey,__lable__1
india pakistan flood toll exceeds DD httpAddress,__lable__1
#kentucky toll from pakistan india floods rises over 230 i24news httpAddress httpAddress #louisiana,__lable__1
#usaheadlines pakistan india flood death toll passes DD httpAddress,__lable__1
aljazeera news thousands still stranded in flood hit kashmir at least DD dead in divided himalayan region httpAddress httpAddress,__lable__1
#rt #ipad #iphone death toll from floods in india pakistan reaches DD httpAddress httpAddress #app httpAddress,__lable__1
httpAddress flood waters submerge parts of kashmir ; DD dead donetsk ukraine ap strong explosions were heard early httpAddress,__lable__1
#usaheadlines death toll from floods in india pakistan reaches DD httpAddress,__lable__1
pakistan floods claim more lives as wedding party boat capsizes httpAddress,__lable__1
military rescues kashmiris flood fury kills DD httpAddress,__lable__1
asia india pakistan flood toll passes httpAddress,__lable__1
death toll from floods in india pakistan reaches DD httpAddress httpAddress,__lable__1
rt usrId httpAddress hundreds killed in #pakistan and #india deaths rise as floods worsen httpAddress via usrId,__lable__1
pakistan floods affect 2.3 million httpAddress via usrId,__lable__1
#hawaii at least DD dead as flood rescue boat capsizes in pakistan at least DD dead as flood rescue httpAddress httpAddress #idaho,__lable__1
rt usrId flood situation grim in jammu and kashmir toll climbs to DD httpAddress,__lable__1
floods in pakistan kills DD people 09 09 2014 01 04 am pakistan flood news updates httpAddress,__lable__1
rescue effort expands in india pakistan as flood death toll tops DD httpAddress httpAddress #india #asia,__lable__1
#usaheadlines death toll from floods in india pakistan reaches DD httpAddress,__lable__1
rt usrId floods kill hundreds in pakistan and kashmir httpAddress,__lable__1
reuters india s modi visits kashmir after floods kill DD httpAddress,__lable__1
#usaheadlines pakistan india flood death toll passes DD httpAddress,__lable__1
#indian #suryaray at least DD dead as flood rescue boat capsizes in pakistan at least httpAddress httpAddress #indian usrId,__lable__1
united nations authority flood rescue operations in kashmir india httpAddress via usrId,__lable__1
#android #lg death toll from floods in india pakistan reaches DD as authorities httpAddress httpAddress httpAddress,__lable__1
#usaheadlines death toll from india pakistan floods reaches DD httpAddress,__lable__1
flood waters submerge parts of kashmir ; DD dead,__lable__1
#france at least DD dead as flood rescue boat capsizes in pakistan at least DD dead as flood httpAddress httpAddress #oklahoma,__lable__1
rt usrId DD dead as boat carrying wedding procession sinks in flood near multan httpAddress #pakistan,__lable__1
kashmir death toll rises as floods worsen httpAddress,__lable__1
kashmir s floods dwarfs heroic relief efforts as death toll hits DD httpAddress via usrId,__lable__1
rt usrId thousands trapped and hundreds killed as floods devastate india and pakistan httpAddress httpAddress,__lable__1
#arizona toll from pakistan india floods rises over 230 i24news httpAddress httpAddress #arkansas,__lable__1
jammu amp ; kashmir floods iaf army ndrf intensify rescue operations as death zeenews httpAddress,__lable__1
rt usrId prime minister narendra modi visits flood stricken kashmir region ; death toll rises to DD usrId httpAddress,__lable__1
monsoon floods kill nearly DD in india pakistan httpAddress,__lable__1
flood waters submerge parts of kashmir ; DD dead httpAddress httpAddress,__lable__1
#alabama at least DD dead as flood rescue boat capsizes in pakistan at least DD dead as flood rescue .. httpAddress #alaska,__lable__1
photo gallery deadly floods sweep pakistan httpAddress,__lable__1
pakistan and kashmir floods kill hundreds httpAddress,__lable__1
jammu amp ; kashmir is currently in the midst of fury of unprecedented floods in fifty years which have already taken a toll of DD dead .,__lable__1
jammu and kashmir floods death toll mounts to DD daily news amp ; analysis httpAddress,__lable__1
india pakistan flood toll hits 400 thousands still stranded emergency workers battled tuesday httpAddress httpAddress usrId,__lable__1
more than DD people are thought to have died and tens of thousands left homeless from devastating floods in httpAddress,__lable__1
india pakistan flood toll passes DD httpAddress,__lable__1
jammu and kashmir flood nearly DD killed pm modi calls it a national ndtv httpAddress,__lable__1
raging floods kill over DD in pakistan india httpAddress,__lable__1
#rt over DD dead in jammu amp ; kashmir #floods thousands still httpAddress we need your httpAddress donate httpAddress #kashmirfloods,__lable__1
httpAddress flood waters submerge parts of kashmir ; DD dead donetsk ukraine ap strong explosions were heard early httpAddress,__lable__1
rt usrId thousands stranded in srinagar DD dead in worst floods in DD years #kashmirfloods httpAddress httpAddress,__lable__1
rt usrId #kashmirfloods nearly DD dead parts of srinagar flooded as jhelum breaches embankments httpAddress httpAddress,__lable__1
india pakistan floods death toll reaches DD death toll from floods in india pakistan reaches DD as authorities warn of more flooding,__lable__1
death toll from floods in india pakistan reaches DD as authorities warn of more flooding httpAddress,__lable__1
rt usrId hundreds killed as devastating floods wreak havoc in kashmir and pakistan httpAddress #kashmirfloods httpAddress,__lable__1
new post floods kill hundreds in india pakistan httpAddress,__lable__1
at least DD dead as flood rescue boat capsizes in pakistan at least eleven people including a bridegroom and .. httpAddress,__lable__1
jammu and kashmir floods nearly DD dead pm to visit state today nearly DD have died in jammu and kashmir .. httpAddress,__lable__1
in pictures deadly kashmir floods,__lable__1
#florida at least DD dead as flood rescue boat capsizes in pakistan at least DD dead as flood httpAddress httpAddress #georgia,__lable__1
#atlanta toll from pakistan india floods rises over 230 i24news httpAddress httpAddress #chicago,__lable__1
police in indian kashmir collect bodies floating in worst floods in years authorities in indian kashmir httpAddress httpAddress,__lable__1
rt usrId thousands stranded hundreds dead in #pakistanfloods httpAddress httpAddress,__lable__1
india and pakistan flood death toll exceeds 600 flood affected people row boats past partially submerged httpAddress httpAddress,__lable__1
death toll in india pakistan floods reaches DD httpAddress,__lable__1
india pakistan floods death toll reaches DD death toll from floods in india pakistan reaches DD as authorities warn of more flooding,__lable__1
#alabama at least DD dead as flood rescue boat capsizes in pakistan at least DD dead as flood rescue .. httpAddress #alaska,__lable__1
rt usrId raging floods kill over DD in pakistan india abc news httpAddress via usrId,__lable__1
rt usrId thousands stranded hundreds dead in #pakistanfloods httpAddress httpAddress via usrId #pkfl,__lable__1
kashmir floods death toll climbs to 420 thousands trapped on roofs #jobs #news #career #jobsila # httpAddress,__lable__1
#pakistan monsoon floods kill DD in pakistan indian administered kashmir httpAddress,__lable__1
liveministries look over DD lives lost in pakistan s deadliest floods rediff share with friends .. httpAddress,__lable__1
flood fury death roll reaches 300 hundreds still missing rising httpAddress . httpAddress,__lable__1
liveministries look over DD lives lost in pakistan s deadliest floods rediff share with friends .. httpAddress,__lable__1
over DD killed in D days of rains floods in pakistan over DD people have been killed and nearly D00 httpAddress httpAddress,__lable__1
kashmir floods how an ignored warning cost DD lives forced repeat of uttarakhand floods httpAddress httpAddress,__lable__1
DD injured amp ; sick flood affectees treated in medical camp #multan via usrId #pakistanfloods,__lable__1
heavy #monsoon rains and flash floods have killed more than DD people in pakistan and httpAddress heavy monsoon httpAddress httpAddress,__lable__1
#yeremiito21 flood waters submerge parts of kashmir ; DD dead flood waters submerge large httpAddress httpAddress #yeremiito21,__lable__1
india pakistan flood toll passes DD httpAddress,__lable__1
#detroit toll from pakistan india floods rises over 230 i24news httpAddress httpAddress #america,__lable__1
how sad is this that these floods hits almost every year to punjab amp ; cost hundreds of lives but no plannings to prevent but commissions only,__lable__1
#usaheadlines death toll from floods in india pakistan reaches DD httpAddress,__lable__1
#akansha gautam #india #indian pakistan india floods trap thousands kill at least DD httpAddress #suryaray #sharmasudhansu,__lable__1
unprecedented devastating floods in jammu n kashmir causing huge loss of lives n properties gud that central n state govts working in tandem,__lable__1
india pakistan floods death toll reaches 400 islamabad the death toll from floods in india and pakistan httpAddress httpAddress,__lable__1
rt usrId kashmir monsoon floods leave DD dead and displace almost a httpAddress #prayforkashmir httpAddress,__lable__1
#ik is constantly barking on the container forgtting thre r huge casualties in the country due to the httpAddress this nonsense now ! #pakistan,__lable__1
rt usrId the death toll continues to climb in flood hit india and httpAddress httpAddress,__lable__1
rt usrId some DD people have been killed by #landslides and #floods in #india and #pakistan httpAddress #kashmir httpAddress,__lable__1
jammu and kashmir floods nearly DD dead pm in state to .. httpAddress,__lable__1
#bbcnews india and pakistan flood toll rises the death toll from floods in india and pakistan has passed DD .. httpAddress,__lable__1
rt usrId #paris toll from pakistan india floods rises over 230 i24news httpAddress httpAddress,__lable__1
rt usrId the death toll continues to climb in flood hit india and httpAddress httpAddress,__lable__1
#vietnam at least DD dead as flood rescue boat capsizes in pakistan at least DD dead as flood httpAddress httpAddress #australia,__lable__1
rt usrId #teamfollowback #rt flood waters submerge swathes of kashmir ; DD dead flood waters httpAddress httpAddress #mgwv,__lable__1
#portugal toll from pakistan india floods rises over 230 i24news httpAddress httpAddress #serbia,__lable__1
flash floods death toll in pakistan and india keeps rising #reddit httpAddress,__lable__1
more than DD pakistanis dead with httpAddress who is responsible ? certainly not sharifs they are above the law ! #azadimarchpti,__lable__1
rt usrId pakistan flood death toll crosses DD httpAddress,__lable__1
#atlanta at least DD dead as flood rescue boat capsizes in pakistan at least DD dead as flood httpAddress httpAddress #chicago,__lable__1
thousands missing in kashmir flood that killed DD people httpAddress,__lable__1
police in indian kashmir collect bodies floating in worst floods in years new httpAddress reuters httpAddress httpAddress,__lable__1
india and pakistan floods death toll rises will each country step forward ? httpAddress,__lable__1
rt usrId this is just httpAddress rt usrId #kashmirfloods over DD dead in the worst flood in sex decades,__lable__1
raging floods #kill over DD in #pakistan #india sep D 1 01 pm et httpAddress,__lable__1
monsoon floods kill nearly DD in india pakistan srinagar india ap landslides and httpAddress httpAddress #news #headlines,__lable__1
news death toll from pakistan india floods rises above DD voice of america httpAddress,__lable__1
#belgium toll from pakistan india floods rises over 230 i24news httpAddress httpAddress #france,__lable__1
rt usrId the death toll continues to climb in flood hit india and httpAddress httpAddress,__lable__1
rt usrId five days of heavy rains have left more than DD dead in pakistan and httpAddress #kashmirfloods httpAddress httpAddress,__lable__1
rt usrId india and pakistan floods kill nearly DD httpAddress,__lable__1
rt usrId #drqadri appeals to the people of pakistan2play their part in efforts D rescue of flood victims #statusquovsoppressed ht,__lable__1
police in indian kashmir collect bodies floating in worst floods in years new httpAddress reuters httpAddress httpAddress,__lable__1
rt usrId at least DD deaths have been reported in azad kashmir due to #floods whereas 2 132 houses have been damaged httpAddress,__lable__1
rt usrId thousands stranded in srinagar DD dead in worst floods in DD years #kashmirfloods httpAddress httpAddress,__lable__1
#yeremiito21 flood waters submerge parts of kashmir ; DD dead flood waters submerge large httpAddress httpAddress #yeremiito21,__lable__1
usrId nm visited twice to jammu and kashmir and the result is DD died in flood httpAddress,__lable__1
#oregon toll from pakistan india floods rises over 230 i24news httpAddress httpAddress #pennsylvania,__lable__1
rt usrId pakistan india flood death toll passes DD tolerance httpAddress #pakistan #floods,__lable__1
#usaheadlines death toll from floods in india pakistan reaches DD httpAddress,__lable__1
rt usrId floods unleash more misery in jammu and kashmir ; death toll mounts to 160 jayalalithaa announces rs D crore assistance,__lable__1
bodies floating in the water volunteers fear the death toll from the india pakistan floods could be much httpAddress httpAddress,__lable__1
death toll climbs in india pakistan floods httpAddress #pakistanfloods #kashmirfloods,__lable__1
death toll from floods in india pakistan tops DD httpAddress,__lable__1
pm modi visits #kashmir after floods kill httpAddress httpAddress,__lable__1
rt usrId more than DD villages 1200 houses and 300 ppl have died in flood in pakistan plz pray for us usrId httpAddress,__lable__1
rt usrId nearly DD reported dead from monsoon floods in india and pakistan httpAddress httpAddress,__lable__1
with seven more deaths the toll in the devastating floods in jammu and kashmir have reached to httpAddress a httpAddress httpAddress,__lable__1
kashmirs worst floods take DD lives httpAddress,__lable__1
monsoon floods kill nearly DD in india pakistan httpAddress,__lable__1
rt usrId thousands of people are trapped and hundreds have been killed in floods in india and pakistan httpAddress http,__lable__1
jammu and kashmir floods nearly DD dead pm to visit state today nearly DD have died in jammu and kashmir .. httpAddress,__lable__1
at least DD dead as flood rescue boat capsizes in pakistan at least eleven people including a bridegroom and .. httpAddress,__lable__1
india s modi visits kashmir after floods kill DD httpAddress,__lable__1
#connecticut at least DD dead as flood rescue boat capsizes in pakistan at least DD dead as flood httpAddress httpAddress #delaware,__lable__1
rt pakistan news pakistannews rain floods kill DD people across pakistan httpAddress httpAddress httpAddress,__lable__1
jammu amp ; kashmir floods iaf army ndrf intensify rescue operations as death toll reaches httpAddress as per httpAddress httpAddress,__lable__1
death toll from floods in india pakistan tops DD httpAddress,__lable__1
over DD confirmed dead in pakistan and india floods httpAddress #pakistan #india #flood #kashmir #army,__lable__1
flood affected 27 700 people 120 villages in azad kashmir ndma httpAddress geo news,__lable__1
police in indian kashmir collect bodies floating in worst floods in years new httpAddress reuters httpAddress httpAddress,__lable__1
#miami at least DD dead as flood rescue boat capsizes in pakistan at least DD dead as flood rescue httpAddress httpAddress #newyork,__lable__1
#usaheadlines death toll from floods in india pakistan reaches DD httpAddress,__lable__1
#usaheadlines pakistan india flood death toll passes DD httpAddress,__lable__1
#usaheadlines death toll from india pakistan floods reaches DD httpAddress,__lable__1
rt usrId hundreds die as heaviest rain in DD years catch india pakistan off guard httpAddress via httpAddress,__lable__1
#usaheadlines evacuation ordered as flood death toll rises in pakistan and india httpAddress,__lable__1
pakistan india flood death toll passes DD httpAddress,__lable__1
rt usrId bodies collected floating in occupied kashmir s worst flood httpAddress httpAddress,__lable__1
more deaths homes lost in india and pakistan as floods persist sun 2014 09 07 14 39 srinagar india httpAddress httpAddress,__lable__1
india s modi visits kashmir after floods kill 175 srinagar india reuters the death toll from serious gt ; httpAddress #style,__lable__1
#usaheadlines death toll from floods in india pakistan reaches DD httpAddress,__lable__1
rt usrId as #flood water recedes in srinagar more bodies found . srinagar nearly two weeks after jammu and httpAddress httpAddress,__lable__1
flooding death toll jumps as india offers help to pakistan httpAddress,__lable__1
DD new borns who died during floods buried on srinagars jehlum bund httpAddress #kashmirfloods,__lable__1
death toll from floods in india pakistan tops DD httpAddress #nlu,__lable__1
over DD killed in floods rains in pakistan zeenews httpAddress,__lable__1
rt usrId kashmir floods army rescues more than 47 00 death toll crosses DD httpAddress,__lable__1
india and pakistan floods kill nearly DD httpAddress,__lable__1
rt usrId thousands trapped in #kashmirfloods with at least DD killed httpAddress httpAddress,__lable__1
india and pakistan flood toll rises the death toll from floods in india and pakistan has passed DD as httpAddress httpAddress,__lable__1
#brandysolamente india pakistan floods death toll reaches 400 death toll from floods in india pakistan httpAddress httpAddress,__lable__1
rt usrId death toll from floods rises to DD in punjab ndma httpAddress,__lable__1
sy gf death toll from floods in india pakistan tops 400 fin,__lable__1
rt usrId over DD killed in pakistan s deadliest flood httpAddress httpAddress,__lable__1
rt usrId at least DD ppl killed in floods in india amp ; pakistan bodies of women and children found httpAddress httpAddress,__lable__1
#california toll from pakistan india floods rises over 230 i24news httpAddress httpAddress #colorado,__lable__1
over DD ppl killed due to kashmir flood ! #kashmirflood,__lable__1
police in jammu amp ; kashmir india collect bodies floating in worst floods in years via httpAddress httpAddress,__lable__1
#prayforkashmir the flood situation continued to worsen in kashmir toll crosses DD f,__lable__1
pakistan flood sinks boat carrying wedding party boat carrying wedding party sinks in pakistan flood killing DD httpAddress,__lable__1
#california toll from pakistan india floods rises over 230 i24news httpAddress httpAddress #colorado,__lable__1
latest jammu and kashmir flood nearly DD killed pm modi calls it a national .. ndtv httpAddress httpAddress #indiannews,__lable__1
thousands trapped and hundreds killed by floods in india and pakistan emergency services in httpAddress httpAddress #kabari #world,__lable__1
rt usrId jammu and kashmir flood nearly DD killed intense relief operations underway httpAddress httpAddress,__lable__1
usrId ns ss rulling punjab D times and still no dam or water sewage .. killing 100s of people every year s flood #shame #noora,__lable__1
#usaheadlines death toll from india pakistan floods reaches DD httpAddress,__lable__1
DD dead as jammu and kashmir witnesses worst floods subscribe for more news httpAddress like us httpAddress httpAddress,__lable__1
rt usrId other side isn t safe too DD killed in #pakistan s deadliest flood read more httpAddress httpAddress,__lable__1
floods hit a million in pakistan anger rises in indian kashmir deadly flooding has affected more httpAddress httpAddress #seniors,__lable__1
india pakistan flood death toll exceeds DD,__lable__1
rt usrId death toll nearing DD as devastating floods continue in india and httpAddress httpAddress,__lable__1
india and pakistan floods kill nearly 300 landslides and flash floods triggered by heavy monsoon rains have httpAddress httpAddress,__lable__1
rt usrId raging floods kill over DD in india and pakistan heaviest torrential rains seen in 50years httpAddress,__lable__1
#usaheadlines death toll from india pakistan floods reaches DD httpAddress,__lable__1
#teamfollowback #ff video wedding tragedy as groom dies in floods flooding in the httpAddress httpAddress #instantfollowback,__lable__1
flood waters submerge swathes of kashmir ; DD dead srinagar fast moving floodwaters have submerged large httpAddress httpAddress,__lable__1
rt usrId usrId usrId flood is not only in kashmir as shown by media jammu had suffered more lose as human n property,__lable__1
as flood water recedes in srinagar more bodies found over ten days after jammu and kashmir witnessed its httpAddress httpAddress,__lable__1
over DD killed thousands homeless as floods ravage kashmir httpAddress #kashmir,__lable__1
news hundreds of thousands still stranded by killer kashmir floods httpAddress,__lable__1
rt usrId nearly DD killed in india and pakistan in monsoon floods and landslides httpAddress,__lable__1
rt usrId flood related deaths exceed DD in india pakistan canadian underwriter httpAddress #pakistan #floods,__lable__1
rt usrId jammu amp ; kashmir facing worst flood in DD years death toll touches 1DD httpAddress #banjirkashmir httpAddress,__lable__1
rt usrId infographic in #kashmir worst floods in over DD years have killed at least DD people and affected millions more httpAddress,__lable__1
jammu and kashmir narendra modi to visit flood hit state today as death toll reaches DD httpAddress,__lable__1
india s modi visits kashmir after floods kill 175 by fayaz bukhari httpAddress,__lable__1
at least DD dead as flood rescue boat capsizes in pakistan httpAddress least DD dead as flood rescue boat capsizes in httpAddress,__lable__1
floods rain kill DD in pakistan one million affected httpAddress via usrId,__lable__1
rt usrId more than DD are dead as kashmir struggles to cope with days of floods httpAddress httpAddress,__lable__1
#michigan at least DD dead as flood rescue boat capsizes in pakistan at least DD dead as flood httpAddress httpAddress #minnesota,__lable__1
india and pakistan s big flood DD people died httpAddress liveleak #news,__lable__1
rt usrId death toll from floods in india and pakistan reaches 400 authorities say ; more flooding anticipated usrId httpAddress,__lable__1
DD drowns out of DD in river when boat sink in httpAddress #flood in #punjab httpAddress,__lable__1
#usaheadlines death toll from floods in india pakistan reaches DD httpAddress,__lable__1
#hawaii at least DD dead as flood rescue boat capsizes in pakistan at least DD dead as flood rescue httpAddress httpAddress #idaho,__lable__1
#bentozy india and pakistan flood toll rises the death toll from floods in india and pakistan has httpAddress httpAddress #news,__lable__1
devastating floods in kashmir create rising death toll httpAddress via usrId,__lable__1
in india around around 1 700 people die on an average per year due to floods here s my story httpAddress #kashmirfloods,__lable__1
washington post usa floods in india and pakistan kill nearly DD httpAddress,__lable__1
floods rain kill DD in pakistan one million affected the deluge has destroyed crop in over 700 00 acres httpAddress httpAddress,__lable__1
flood waters submerge swathes of kashmir ; DD dead flood waters submerge large swathes of kashmir ; DD dead httpAddress,__lable__1
#usaheadlines pakistan india flood death toll passes DD httpAddress,__lable__1
death toll climbs in #india #pakistan #floods #kashmirfloods #pakistanfloods httpAddress httpAddress,__lable__1
rt usrId jammu and kashmir floods death toll mounts to 138 ; narendra modi announces rs DD crores special assistance httpAddress,__lable__1
rt usrId bodies floating in streets whilst #india scales back operations due to a few stones !! #kashmirfloods httpAddress,__lable__1
rt usrId jammu and kashmir flood nearly DD killed intense relief operations underway httpAddress httpAddress,__lable__1
#hectormartinez monsoon floods kill nearly DD in india pakistan floodwaters submerge large swaths of httpAddress httpAddress,__lable__1
rescue effort expands in india pakistan as flood death toll tops DD the death toll from nearly one week httpAddress httpAddress,__lable__1
#team lil wayne flood waters submerge parts of kashmir ; DD dead flood waters submerge large .. httpAddress #dmjeferson,__lable__1
news by yahoo raging floods kill over DD in pakistan india jhang pakistan ap raging monsoon floods httpAddress httpAddress,__lable__1
jammu and kashmir flood nearly DD killed intense relief operations underway httpAddress video,__lable__1
rt usrId flood response efforts in #pakistan DD #medical patients treated in last D httpAddress next camps planned this httpAddress http,__lable__1
monsoon floods kill nearly DD in india pakistan srinagar india landslides and flash floods triggered by .. httpAddress,__lable__1
floods kill hundreds in pakistan and kashmir httpAddress sale httpAddress #news,__lable__1
rt usrId kashmir monsoon floods leave DD dead displace near a million #kashmirfloods #pakistanfloods httpAddress httpAddress,__lable__1
prime minister narendra modi visits flood stricken kashmir region ; death toll rises to DD usrId httpAddress,__lable__1
#iowa at least DD dead as flood rescue boat capsizes in pakistan at least DD dead as flood rescue httpAddress httpAddress #kansas,__lable__1
#germany at least DD dead as flood rescue boat capsizes in pakistan at least DD dead as flood rescue httpAddress httpAddress #italy,__lable__1
pakistan and kashmir floods kill hundreds #worldnews httpAddress,__lable__1
rt usrId death toll climbs in #india #pakistan #floods #kashmirfloods #pakistanfloods httpAddress httpAddress,__lable__1
police in indian kashmir collect bodies floating in worst floods in years new httpAddress reuters authorities in indian httpAddress,__lable__1
rt usrId chief minister of odisha naveen patnaik announces rs . D crors assistance to j amp ; k flood victims #kashmirfloods,__lable__2
rt usrId #kashmirfloods army will not rest till every person is rescued says its chief httpAddress httpAddress,__lable__2
rt usrId sindh govt sends flood relief aid to punjab usrId rs DD crore httpAddress may the relief efforts pick up steam ! usrId,__lable__2
rt usrId rushed D lakh litters of water bottles for flood affected people of jammu amp ; kashmir as advised by the prime minister usrId,__lable__2
rt usrId j amp ; k floods air india declares free travel for trapped tourists #kashmirfloods httpAddress,__lable__2
#jhdar omar abdullah thanks narendra modi government for support during jammu and kashmir flood rescue httpAddress httpAddress #fb,__lable__2
rt usrId shahbaz sharif beg all ppl to donate fr punjab flood effectees bt he wont pay single penny frm his billion dollars investm,__lable__2
maudefroberg usrId airlifting DD tents 2 500 blankets 1 00 kitchen sets amp ;DD tarps to flood affected jammu amp ; kashmir,__lable__2
dna defence forces turn saviour for flood hit kashmiris httpAddress httpAddress,__lable__2
rt usrId suspect indian airforce wd be able to rescue kashmir flood victims even more quickly if there weren t quite so many tv,__lable__2
rt usrId ummah welfare trust is providing cooked food in flood hit punjab httpAddress httpAddress httpAddress,__lable__2
just dispatched medicine consignment for flood effected areas in jammu division #kashhmirfloods #kashmirfloodrelief #jkfloodrelief,__lable__2
rt usrId proudly serving pakistan ! satisfaction while helping your countrymen at the time of httpAddress help the flood victims ! httpAddress,__lable__2
welcome this disaster aid diplomacy india amp ; #pakistan offer each other help in dealing with floods in two sides of httpAddress #saarcfamily,__lable__2
rt usrId news punjab cm announces govt has released rs100m for each flood hit district httpAddress #pakistan httpAddress,__lable__2
rt usrId ludhiana punjab indian army collects and dispatches relief material for j amp ; k flood victims httpAddress,__lable__2
rt usrId punjab government will provide rs 20 00 compensation to each flood affected family before eid ul azha httpAddress,__lable__2
friends if you have hike installed in your phone we all know now their is a flood in jammu amp ; kashmir and this httpAddress httpAddress,__lable__2
rt usrId united states pledges 250 00 for jammu and kashmir floods affected httpAddress,__lable__2
rt usrId aap mlas have decided to collectively donate rs 5.5 crore towards kashmir flood relief fund #kashmirfloods httpAddress,__lable__2
rt usrId prime minister narendra modi announces special assistance of rs 1 00 crore to flood affected jammu and httpAddress pti,__lable__2
rt usrId pti medical camp sialkot kashmir road for flood relief work #gonawazgo httpAddress,__lable__2
uttarakhand government donates rs DD crore for flood hit jammu amp ; kashmir people uttarakhand s resident httpAddress httpAddress,__lable__2
rt usrId humanity first pakistan doctors are providing medical facilities to patients at flood affected httpAddress httpAddress,__lable__2
usrId httpAddress kashmir flood relief httpAddress sir please help spread the httpAddress #kashmirfloods #kashmirfloodrelief,__lable__2
rt usrId malaysia written with chilli sauce saves malaysians stranded in kashmir floods httpAddress #kashmirfloods,__lable__2
lpu comes forward to help flood hit in kashmir ; sends D truck loads of relief material to j amp ; k read httpAddress,__lable__2
donate rs . DD through usrId for free for kashmir flood relief help everyone in kashmir who s httpAddress httpAddress,__lable__2
rt usrId would appreciate if anyone knows any company willing to httpAddress #dialysisfluid #kashmirflood,__lable__2
more relief material collected by gujarat govt for flood hit jammu amp ; kashmir state before its delivery from ahmedabad,__lable__2
rt usrId pmo officials contribute one day s salary for flood affected people of jammu and kashmir httpAddress,__lable__2
pakistani troops expand rescue in flood hit areas pakistani troops expand rescue operation as floods wreak httpAddress httpAddress,__lable__2
rt usrId same modi who drowned us in floods will now send DD crores to his allies #pmln in pakistan do i need to explain where,__lable__2
rt usrId #kashmirfloods how the army and iaf are rescuing flood victims in j amp ; k see here httpAddress httpAddress,__lable__2
rt usrId well if cm punjab can met coas twice a day why not cm kp . he has gone to give donation for floods btw,__lable__2
rt usrId kashmir floods indian army vehicles pelted with stones in srinagar httpAddress,__lable__2
akhilesh govt announces rs DD crore aid for flood hit jammu and kashmir firstpost httpAddress,__lable__2
rt usrId doctors serving in #flood effected region of #ranatown httpAddress #fifrelief #flood2014 httpAddress,__lable__2
rt usrId pls donate generously to #pakarmy s relief fund for #pakistan flood affectes pls rt httpAddress,__lable__2
uttarakhand government donates rs DD crore for flood hit jammu amp ; kashmir people uttarakhand s resident httpAddress httpAddress,__lable__2
mp announces rs 5cr assistance for flood hit j amp ; k #jammukashmirfloods httpAddress,__lable__2
rt usrId the iaf has deployed mi 171v s to india s flood ravaged northern regions of jammu and kashmir httpAddress ht,__lable__2
rt usrId super rt ! india is ready to provide assistance to pak to deal with the flood ravaged areas of pakistan occupied kashmir usrId,__lable__2
we re httpAddress can give our lives for our #valley and its httpAddress #savelife #flood #shelter #food,__lable__2
destruction caused by floods has pained all of us . need of the hour is to help our sisters amp ; brothers in j amp ; k tweets pm #kashmirfloods,__lable__2
please help spread the word share #amp ; donate i m raising money for kashmir flood relief httpAddress httpAddress,__lable__2
rt usrId #drqadri the people of #pakistan who have been affected by the floods need our httpAddress #fakedemocracymustend #pakistan h,__lable__2
rt usrId very httpAddress rescue and relief httpAddress please fill it with all the necessary httpAddress httpAddress #kashmir,__lable__2
rt usrId cm kp pervaiz khatak presented rs DD mln cheque to army chief for flood victims httpAddress,__lable__2
rt usrId plz help donate blankets woollens shoes to this kashmir flood relief collection drive httpAddress pl rt http,__lable__2
ujjain university v c attacked for appeal to help kashmir flood victims ibnlive httpAddress,__lable__2
rt usrId pm modi announces rs 100cr for relief offers assistance to pakistan occupied kashmir httpAddress,__lable__2
news flood updates balochistan cm hands over rs100 million to shahbaz for victims httpAddress #pakistan,__lable__2
jhon punjab government releases rs D billion for flood relief punjab government releases rs D billion for httpAddress httpAddress,__lable__2
rt usrId thousands of rss workers working day n night to rescue thousands of people trapped in flood ! kudos ! #kashmirfloods,__lable__2
rt usrId hrithik roshan raises funds for jammu and kashmir flood victims httpAddress usrId #hrithikroshan #j amp ; kfloods,__lable__2
rt usrId usrId opened our 24x7 medical advice line free to people effected by floods please share ! #kashmirfloods httpAddress,__lable__2
rt usrId flood relief camps in jhang muzaffargarh and rajanpur by jahandad society for community development #pakistanfloods httpAddress,__lable__2
donate rs . DD through usrId for free for kashmir flood relief help everyone in kashmir who s httpAddress httpAddress,__lable__2
devastating floods in jammu amp ; kashmir rescue operations hit due to rain in .. times of india indian httpAddress httpAddress,__lable__2
rt usrId relief camps in kashmir university and elsewhere run by hardworking local volunteers helping the flood people without any,__lable__2
rt usrId volunteers step up to help victims of the j amp ; k floods #kashmirfloods,__lable__2
as floods crisis spreads modi offers assistance to pakistan httpAddress,__lable__2
aap mlas to contribute rs DD lakh each for kashmir flood relief fund httpAddress httpAddress,__lable__2
etn centre assures all out health care assistance to flood hit jammu and kashmir the union minister took a httpAddress httpAddress,__lable__2
rt usrId delhi assembly is httpAddress im donating it to kashmir flood httpAddress will you please applaud me ? httpAddress httpAddress,__lable__2
un httpAddress httpAddress ban ki moon expressed willingness to assist pakistan in its efforts for relief and rehabilitation of flood hit httpAddress,__lable__2
rt usrId harmony amid despair a mosque in kashmir gives shelter to hindus displaced by httpAddress this is what madrassa s preach httpAddress,__lable__2
india pakistan floods worst to come a huge relief operation is continuing across northern india and into pakistan in the wake httpAddress,__lable__2
rt usrId punjab government releases rs DD million for each flood hit district httpAddress httpAddress,__lable__2
rt usrId httpAddress yasin maliks geelanis and lones must be busy helping the flood victims httpAddress useless indian army ! #kashmirfloods,__lable__2
rt usrId bollywood raises funds for jammu amp ; kashmir flood victims #jkfloodrelief #kashmirfloods httpAddress httpAddress,__lable__2
rt usrId govt of #sindh announces rs . DD million for flood victims of #punjab on former president usrId httpAddress #pp,__lable__2
uttarakhand government donates rs DD crore for flood hit jammu amp ; kashmir people uttarakhand s resident httpAddress httpAddress,__lable__2
jammu amp ; kashmir floods iaf army ndrf intensify rescue operations as death zeenews httpAddress,__lable__2
punjab govt to release rs100 million as flood rages on httpAddress,__lable__2
live #news jammu and kashmir floods DD army installations hit loc posts relocated,__lable__2
rt usrId #pakistan pm nawaz sharif thanks pm usrId for offering help in flood relief efforts in httpAddress #kashmirfloods http,__lable__2
rt usrId relief amp ; rescue operations continues by army troops in flood affected areas of kashmir amp ; httpAddress DD people rescued to s,__lable__2
rt usrId mwf continues with its humanitarian aid work for flood victims httpAddress usrId usrId usrId httpAddress,__lable__2
dna hrithik roshan raises funds for jammu and kashmir flood victims bollywood star hrithik roshan has joined .. httpAddress,__lable__2
embrace of social media aids flood victims in kashmir social media companies government agencies and httpAddress httpAddress,__lable__2
usrId usrId usrId please support the people displaced by decades worst floods in kashmir thousands displaced support,__lable__2
rt usrId httpAddress to #pakistan in fighting the httpAddress this sympathetic amp ; humane gesture overwrites the acrimony of the httpAddress,__lable__2
rt usrId democratic allocation of funds 3 punjab govts allocation per flood affectee is rs DD for pm house is rs D millio,__lable__2
rt usrId indian soldiers taunt flood affected kashmiris to seek help from pakistan and on the other hand stops un amp ; international,__lable__2
rt usrId DD million people live in indian kashmir enduring terrible floods DD helicopters to rescue people amp ; deliver aid httpAddress,__lable__2
rt usrId urgent appeal for rahat httpAddress you must be following the news on the worsening floods in jammu and httpAddress httpAddress,__lable__2
rt usrId picture DD #mqm #kkf #flood relief activities in #sialkot #punjab #pakistan httpAddress,__lable__2
DD minute old news iaf swings into action for flood relief in #kashmirfloods httpAddress,__lable__2
rt usrId in the wake of devastating floods recently n ajk and punjab ikf is actively involved in flood relief activities httpAddress,__lable__2
rt usrId dirtbags on the internet need to stfu about flood affected kashmiris accepting help from the indian httpAddress,__lable__2
dtn pakistan bahria town flood relief operation continues lahore the bahria town relief project set up in httpAddress httpAddress,__lable__2
#pakistan army have anounced its account number for those who want to donate for #flood victims lets help the nation ! httpAddress,__lable__2
massive floods in jammu amp ; kashmir here is how you can help goonj has launched massive relief efforts for httpAddress httpAddress,__lable__2
youth from unaffected areas helping flood hit kashmiris srinagar sep 17 several youth from unaffected httpAddress httpAddress,__lable__2
emergency flood relief kashmir and pakistan floods #pakistanfloods #kashmirfloods httpAddress,__lable__2
rt usrId rescue teams doing their best in #flood effected areas of #punjab #pakistan #pakistanfloods #jhangfloods #unhcr httpAddress,__lable__2
rt usrId #kashmirfloods maharashtra cm prithviraj chavan has announced an aid of rs DD crore while tamil nadu has donated rs D crore fo,__lable__2
rt usrId chiniot flood relief camps mr khadem e aala how long you continue photo sessions your relief camp cont httpAddress,__lable__2
rt usrId all aap mlas to donate rs DD lakh each for kashmir flood relief from their mla httpAddress,__lable__2
rt usrId a kashmiri muslim flood victim on abp news appeals to pm modi to send the relief through he indian army and not corrupt usrId,__lable__2
#socialmedia social media a saviour in flood hit kashmir #socialmedia #kasmir social httpAddress httpAddress #facebook #fb,__lable__2
rt usrId i am donating ram lila maidan for flood refugees from httpAddress please httpAddress httpAddress httpAddress,__lable__2
rt usrId flood relief operation of alkhidmat foundation pakistan httpAddress httpAddress,__lable__2
rt usrId malik riaz donated DD crores for flood in httpAddress cm kpk donated DD crores for flood in httpAddress where the heck is federal go,__lable__2
pakistani troops expand rescue in flood hit areas httpAddress,__lable__2
rt usrId pakistan army flood relief activities httpAddress,__lable__2
islamabad dharnas give up protest sit ins help mitigate flood misery httpAddress #security #intersafe14 #pakistan,__lable__2
rt usrId punjab government has refused to accept the aid money of rs DD crore given by kp govt for flood httpAddress,__lable__2
urgent need for 25 00 tents and 40 00 blankets httpAddress #kashmirfloods via usrId,__lable__2
picture 04 4th day of #kkf flood relief camp in #lahore for the victims of rain amp ; #flood in #punjab #mqm #pakistan httpAddress,__lable__2
rt usrId mla fund public tax money rt usrId all aap mlas to donate rs DD lakh each for kashmir flood relief from the,__lable__2
united nations authority flood rescue operations in kashmir india httpAddress,__lable__2
rt usrId dr qadri launches massive pakistan flood rescue amp ; relief httpAddress httpAddress,__lable__2
rt usrId bravo ! rt radiopakistan pm #nawazsharif has arrived in rawalakot to visit #rain and flood hit areas in azad jammu amp ; k,__lable__2
after #kashmirfloods ex cag vinod rai bring flood in congress camp by declaring mms knew of 2g httpAddress #vinodspeakstoarnab,__lable__2
rt usrId shameless punjabi elite arshadsyed001 punjab govt refused to take flood aid from kpk govt but still taking electrici,__lable__2
rt usrId army iaf step up rescue efforts in flood hit jammu and kashmir httpAddress httpAddress,__lable__2
j k floods un system stands ready to help india pakistan the un system stands ready to help governments in .. httpAddress,__lable__2
#kashmir flood relief operation too slow httpAddress #flood,__lable__2
usrId whole india is donating for relief kashmir flood but i m damn confident that they wil get only abusing n stone at their face,__lable__2
kashmir floods pm narendra modi asks officials to ramp up relief operations prime minister narendra modi on .. httpAddress,__lable__2
donate rs . DD through usrId for free for kashmir flood relief help everyone in kashmir who s httpAddress httpAddress,__lable__2
rt usrId breaking punjab govt rejects httpAddress million cheque offered by kpk govt for flood affectees reveals kpk minister http,__lable__2
rt usrId sikh organizations helping the flood affected areas of httpAddress the barriers of cast httpAddress httpAddress,__lable__2
rt usrId #mqm charity wing #kkf #lahore have setup flood relief camps in all over #punjab httpAddress,__lable__2
feed hungry south asia floods devastating floods in india pakistan and bangladesh have already cl httpAddress,__lable__2
rt usrId dailyexcelsior1 chhattisgarh to extend rs DD crore relief to flood hit j amp ; k httpAddress #kashmirfloods #kash,__lable__2
usrId flood victims brought to safety in jammu #kashmirfloods httpAddress,__lable__2
#teambrianmundial pakistani troops expand rescue in flood hit areas pakistani troops httpAddress httpAddress #teambrianmundial,__lable__2
rt usrId #mqm charity wing #kkf #lahore have setup flood relief camps in all over #punjab httpAddress,__lable__2
rt usrId flood relief operation in full swing samaa tv httpAddress #pakistan #floods,__lable__2
rt usrId take a moment to support those affected by #floods amp ; landslides in #pakistan amp ; #india how can u help ? click for info ht,__lable__2
army wont spare any effort to help flood affectees coas httpAddress #geonewspakistan,__lable__2
rt usrId mla fund public tax money rt usrId all aap mlas to donate rs DD lakh each for kashmir flood relief from the,__lable__2
rt usrId #mqm central #punjab committee will visit the #flood #relief camp set up by mqm district #lahore at shimla pahari,__lable__2
aap seems to be in its own world where county is trying help out flood victims and usrId want to be at helm #jihadichaosinkashmir,__lable__2
i ve just donated rs . DD for kashmir flood relief through usrId #hike4kashmir,__lable__2
rt usrId all aap mlas to donate rs DD lakh each for kashmir flood relief from their mla httpAddress,__lable__2
rt usrId rt usrId donate to usrId amp ; allied organisations for jammu amp ; kashmir flood relief work ! httpAddress,__lable__2
more hope for social media to help in #disaster #response embrace of social media aids flood victims in kashmir httpAddress,__lable__2
rt usrId #muzaffargarhvisit pm assures to compensate losses of flood affectees httpAddress httpAddress,__lable__2
rt usrId j amp ; k floods air force scales back rescue operations due to stone pelting incidents in different areas #kashmirfloods,__lable__2
rt usrId j amp ; k floods all officers and staff at the prime minister s office contribute a day s salary for people in the state #kashmirfloods,__lable__2
bbc news india and pakistan battle to rescue flood marooned httpAddress,__lable__2
all credit goes to coas gen raheel shareef and pakistan defence forces for saving expensive lives from the httpAddress,__lable__2
jammu and kashmir floods army has given medical aid to over 53 00 victims httpAddress via usrId,__lable__2
rt usrId that s insulting .. #pmln govt in #punjab refused rs DD million gifted by #kp for #flood victims usrId httpAddress,__lable__2
rt usrId mla fund public tax money rt usrId all aap mlas to donate rs DD lakh each for kashmir flood relief from the,__lable__2
rt usrId home minister rajnath singh pm has announced rs 1 00 cr to the state for flood relief and httpAddress #kashmirfloo,__lable__2
india offers help to pakistan on floods httpAddress,__lable__2
rt usrId please use kashmir flood hashtag only if u need help or offering help so that agencies can httpAddress keep it free from ur politica,__lable__2
massive floods in jammu amp ; kashmir here is how you can help goonj has launched massive relief efforts for httpAddress httpAddress,__lable__2
rt usrId exclusive message by usrId appealing nation to come forward amp ; contribute for flood stricken people of pakistan http,__lable__2
rt usrId gujarat govt today flagged off a truck carrying relief material to flood hit jammu amp ; kashmir state httpAddress,__lable__2
rt usrId cooked #food being provided to #flood affected people in #pakistan courtesy of #ummah welfare httpAddress httpAddress,__lable__2
rt usrId #kashmirfloods united nations system stands ready to help india pakistan httpAddress,__lable__2
hey i ve just donated rs . DD for kashmir flood relief through usrId #hike4kashmir,__lable__2
us announces 250 00 aid for flood hit kashmir,__lable__2
rt usrId mla fund public tax money rt usrId all aap mlas to donate rs DD lakh each for kashmir flood relief from the,__lable__2
rtbp # httpAddress pakistan the land of pure students take to the streets to raise funds for flood victims httpAddress httpAddress,__lable__2
usrId watching express tv showbaaz asking oversee pakistani to send money for flood victim sorry we will not until imran khan ask,__lable__2
rt usrId army to make all efforts to help flood victims says coas visits deluged areas of punjab httpAddress,__lable__2
german embassy holding concert in aid of flood hit kashmir new delhi sep DD ians the german embassy is httpAddress httpAddress,__lable__2
rt usrId news ban ki moon lauds govts efforts in providing relief to flood victims httpAddress #pakistan httpAddress,__lable__2
tamilnadu cm j jayalalithaa announces aid of rs . D crore for jammu amp ; kashmir flood httpAddress,__lable__2
rt usrId #kashmirflood rss the only organisation which came forward for relief work in httpAddress where is article370 now ? httpAddress,__lable__2
hey i ve just donated rs . DD for kashmir flood relief through usrId #hike4kashmir,__lable__2
rt usrId #mqm usrId kkf relief activities for the flood victims in sialkot httpAddress via usrId usrId,__lable__2
rt usrId rss bjp workers offer healing touch to flood hit jammu amp ; kashmir !! httpAddress,__lable__2
rt usrId hindus r welcome in my home at jammu rescued from kashmir httpAddress can fuck httpAddress me if u need httpAddress,__lable__2
rt usrId tamil nadu cm j jayalalithaa gives rs D crore as relief grant to the people of jammu and kashmir battling the worst floods,__lable__2
rt usrId et decided to pay me for my blog reached the top httpAddress i asked them send it to httpAddress victims ht,__lable__2
rt usrId pakistani kashmiris want india border opened for flood relief httpAddress,__lable__2
rt usrId cm ss personally inspecting flood relief efforts in the affected area of southern httpAddress,__lable__2
rt usrId pm modi writes to pakistan pm offers help for flood victims in pok httpAddress,__lable__2
the united nations says it is ready to help flood hit pakistan httpAddress,__lable__2
rt usrId ngos have set up medical relief camps across srinagar such as this one in sanat nagar #missionrahat kashmir floods httpAddress,__lable__2
bsnl becomes lifeline of kashmir ; first network to start functioning during the flood httpAddress,__lable__2
rt usrId usrId flood victims family turns down compensation httpAddress httpAddress #pakistanflo,__lable__2
stop blaming each httpAddress the httpAddress #kashmirflood,__lable__2
jayalalithaa announces rs D crore assistance to flood hit kashmir tamil nadu chief minister jayalalithaa httpAddress httpAddress,__lable__2
on the occasion her son s birthday mother of namo donated rs 5 00 for the pm s relief fund for jammu amp ; kashmir flood httpAddress,__lable__2
kashmir flood relief operation a major challenge httpAddress,__lable__2
rt usrId aap mlas to donate rs httpAddress for the jammu amp ; kashmir flood relief httpAddress each donating atleast 20lakh from their mlalad fu,__lable__2
rt usrId a kashmiri muslim flood victim on abp news appeals to pm modi to send the relief through indian army and not corrupt usrId,__lable__2
rt usrId if kp govt sends money for punjab flood vics ss govt rejecting it is childish amp ; heartless ! we r all one so we must h,__lable__2
corporate sector extends support to flood affected people of jammu and kashmir httpAddress via usrId,__lable__2
rt usrId salute to #pakistan army navy air force for their help to #kashmiris amp ; #pakistanis in flood hit httpAddress httpAddress,__lable__2
rt usrId #pakistan have hit by sever #flood in httpAddress we should come out to #help these httpAddress #ngos #charity httpAddress,__lable__2
rt usrId congress deploys its DD youth volunteers in flood hit jammu and kashmir to help in relief measures #kashmirfloods,__lable__2
#lamafiaverde pakistani troops expand rescue in flood hit areas pakistani troops expand rescue operation as httpAddress httpAddress,__lable__2
rt usrId this is nawaz shareef s building in ilford uk . y don t they sell this amp ; help flood victims instead of asking money htt,__lable__2
cii confederation of indian industry dispatches relief material for #kashmirfloods victims httpAddress,__lable__2
rt usrId #pakarmy relief work has continued in flood and rains affected areas in throughout punjab #pakarmyzindabad httpAddress,__lable__2
rt usrId D days ago coas accepts rs100m kpk flood httpAddress httpAddress today punjab rejects rs100m kpk flood httpAddress httpAddress,__lable__2
rt usrId a kashmiri muslim flood victim on abp news appeals to pm modi to send the relief through he indian army and not corrupt usrId,__lable__2
rt usrId take a moment to support those affected by #floods amp ; landslides in #pakistan amp ; #india how can u help ? click for info ht,__lable__2
rt usrId jammu amp ; kashmir flood helpline httpAddress httpAddress,__lable__2
the floods in kashmir has resulted in severe httpAddress let us put together our resources to respond to the disaster,__lable__2
usrId usrId thanklessly taking help in floods and calling kashmr occupied httpAddress shud be vacated by pak,__lable__2
rt usrId nyt editorial on the #kashmir floods and how india should now accept the assistance offered by the united httpAddress httpAddress,__lable__2
rt usrId #personfinder for #kashmirfloods httpAddress thank you usrId !,__lable__2
in punjab relief activities in #flood hit areas in full swing ; DD relief camps setup to facilitate affectees httpAddress,__lable__2
devastating floods in j amp ; k air india declares free travel for trapped tourists new delhi as kashmir valley httpAddress httpAddress,__lable__2
please make dua for the people that suffering from the flood #kashmirfloods and try to help those people in any way httpAddress,__lable__2
rt usrId #pakistan pm offers help to #india for relief and rehabilitation of people affected by unprecedented httpAddress,__lable__2
rt usrId appealed the people from all over the world to donate generously for the victims of flood disaster of httpAddress #mwm,__lable__2
usrId hi omar why u r not tweeting any thing about kashmir httpAddress have huge followers at least can raise some httpAddress,__lable__2
workers busy in helping the flood affected people are the precious asset qet altaf hussain bhai #mqm #pakistan,__lable__2
#nowwatching rescue operations begin as floods wreak havoc in kashmir on rediff ishare httpAddress,__lable__2
rt usrId #kashmirfloods usrId united nations authority flood rescue operations in kashmir india httpAddress via usrId,__lable__2
relief materials being distributed by iaf at air force station awantipur to #flood affected people #kashmirfloods httpAddress,__lable__2
ips officers to donate a days salary for kashmir flood victims patna ips officers of bihar have decided httpAddress httpAddress,__lable__2
rt usrId #coas visited flood affected areas met usrId troops busy in relief activities #pakistanfloods #pakistanarmy httpAddress,__lable__2
as floods crisis spreads pm #modi offers assistance to #pakistan httpAddress #india,__lable__2
rt usrId punjab govt rejects httpAddress million cheque offered by kpk govt for flood affectees reveals kpk minister httpAddress,__lable__2
rt usrId help needed a family in balgarden is stranded in floods anyone able to help them contact 9469417588 #kashmir #floods,__lable__2
indian pakistani troops aid flood stranded people httpAddress #boston,__lable__2
rt usrId #kashmirfloods how much money people of kashmir donated for uttarakhand floods last year ? tell me,__lable__2
rt usrId manmohan singh amp ; sonia gave a huge sum to pakistan for flood httpAddress pakistan ever offer anything for their own sons,__lable__2
usrId punjab unit send trucks loaded with medicines food httpAddress for kashmir flood hit httpAddress #jkfloodrelief httpAddress,__lable__2
usrId sir more clothes blankets drinking water and food items are required for flood affected people of jammu and httpAddress,__lable__2
rt usrId album #kkf relief activities for the #flood victims in #jhang #punjab httpAddress #pakistani httpAddress,__lable__2
rt usrId usrId we are working for punjab floods from pakistan but i need to know an account number where people can donate,__lable__2
rt usrId we ve set up a httpAddress fund for #india flood in jammu amp ; httpAddress donate here httpAddress httpAddress,__lable__2
rt usrId lets play our part to help those affected by floods buy a naya pakistan shirt profits go towrds ikf for flood victims h,__lable__2
kashmir floods actionaid support our relief work donate httpAddress httpAddress via usrId,__lable__2
pakistanis flee flood dyke breach pakistani authorities breach a strategic dyke in flood affected punjab to httpAddress httpAddress,__lable__2
rt usrId drinking water needed in bemina usrId usrId #kashmirflood httpAddress,__lable__2
rt usrId rss press release an appeal to the society to donate for relief fund to help jamu amp ; kashmir flood victims httpAddress,__lable__2
indian missions to forward kashmir flood donations contributions in kind will not be accepted at embassy or httpAddress httpAddress,__lable__2
rt usrId #mqm charity wing #kkf #lahore have setup flood relief camps in all over #punjab httpAddress,__lable__2
rt usrId pakistan is ready to help india in whatever way possible to mitigate the suffering of the people affected by j amp ; k floods n,__lable__2
pakistani troops expand rescue in flood hit areas another wave of flooding is expected to hit southern httpAddress httpAddress,__lable__2
jammu and kashmir floods live updates army says it wont rest till everyone is indiatoday httpAddress,__lable__2
rt usrId aap mlas to donate rs httpAddress for the jammu amp ; kashmir flood relief httpAddress each donating atleast 20lakh from their mlalad fu,__lable__2
rt usrId #zarbeazb law amp ; order in karachi islamabad to flood httpAddress one must acknowledge the great efforts of #pakistan,__lable__2
latest jammu amp ; kashmir floods iaf army ndrf intensify rescue operations as death .. zee httpAddress httpAddress #indiannews,__lable__2
rt usrId thank you usrId for feeling the pain of flood affected people of punjab amp ; donating rs . httpAddress we r indebted by you,__lable__2
rt usrId my mate usrId is looking good on sky845 raising money for the victims of the kashmir floods httpAddress,__lable__2
usrId hi i work for the httpAddress we d like to interview flood rescue teams in httpAddress can you pls dm me any contact details ?,__lable__2
usrId usrId usrId help those kashmiris who helped last years flood victims in uttra khand ask them what they amp ; their govt did ?,__lable__2
rt usrId all aap mlas to donate rs DD lakh each for kashmir flood relief from their mla httpAddress,__lable__2
rt usrId #goldentemple is reportedly sending 1lakh meal on a daily basis to flood affected area of #kashmir that s the true spirit of ha,__lable__2
floods in kashmir banking on help httpAddress via usrId usrId,__lable__2
rt usrId iaf helicopters in action in srinagar during flood relief operations in j amp ; k #kashmirfloods httpAddress,__lable__2
rt usrId #kashmirfloods army continues with intensive rescue operations in flood hit httpAddress see here httpAddress http,__lable__2
rt usrId D days ago coas accepts rs100m kpk flood httpAddress httpAddress today punjab rejects rs100m kpk flood httpAddress httpAddress,__lable__2
rt usrId rt usrId aap punjab flags off trucks with aid for jk flood victims . #aapcares httpAddress #bypollresults #mod,__lable__2
rt usrId j amp ; k flood helpline numbers control room srinagar 0194 2452138 jammu 0191 2560410 #kashmirfloods httpAddress,__lable__2
kashmir floods delhi bjp mlas to donate one month s salary for relief fund via httpAddress httpAddress,__lable__2
rt usrId modi is helping muslim flood victims including professional stone pelters in kashmir ! #kashmirfloods,__lable__2
rt usrId all the scavengers are httpAddress savethechildren httpAddress rats scavenging on kashmir httpAddress supported by usrId usrId,__lable__2
rt usrId plz help donate blankets woollens shoes to this kashmir flood relief collection drive httpAddress pl rt http,__lable__2
#jhdar haryana cm hooda flags off relief materials for flood hit kashmir 12 09 2014 new delhi ani httpAddress httpAddress #fb,__lable__2
rt usrId fracturing harmony among provinces jaagalerts punjab govt rejects httpAddress million offered by kpk govt for flood httpAddress,__lable__2
rt usrId usrId volunteers distributing cooked meal daily among the people stranded in flood httpAddress #fifrelief #flood httpAddress,__lable__2
rt usrId rss bjp workers offer healing touch to flood hit in kashmir httpAddress,__lable__2
rt usrId mt saleemuddinaa #ahmadiyya muslim youth of pakistan helpng flood victims without any discrimination of faith etc ht,__lable__2
rt usrId i seriously want to httpAddress have usrId usrId usrId sent their volunteers to kashmir to help floo,__lable__2
indian army troops battle flood waters to rescue stranded people in kashmir #jobs #news #career #jobsila # httpAddress,__lable__2
rt usrId #haider stars usrId usrId do their bit for kashmir s flood victims httpAddress #kbc httpAddress,__lable__2
gcu s welfare society to organise charity funds that will be donated to the flood victims in httpAddress,__lable__2
tripura donates rs D crore to flood hit jammu and kashmir the tripura government will contribute rs D crore httpAddress httpAddress,__lable__2
rt usrId tripura donates rs D crore to flood hit jammu and kashmir httpAddress,__lable__2
rt usrId jammu amp ; kashmir floods vishwa hindu parishad organises medical camps 1 400 patients treated httpAddress,__lable__2
rt usrId a scene of rescue operations by the indian armed forces in the flood ravaged areas of jammu amp ; httpAddress httpAddress,__lable__2
kashmir floods the tireless service of a battalion and its boats httpAddress,__lable__2
kashmir floods medical camps in srinagar to check water borne diseases the national disaster response force .. httpAddress,__lable__2
punjab govt sets up flood relief fund httpAddress #pakistan,__lable__2
rt usrId beef was served to the hindus effected in sindh floods last httpAddress we should sent pork to the muslims effected in #kashmirf,__lable__2
rt usrId dlf foundation the philanthropic arm of realty giant dlf sends 6 00 kg of relief supplies to flood hit jammu amp ; kashmir p,__lable__2
rt usrId just in india is ready to provide assistance to pakistan to deal with the flood ravaged areas of pakistan occupied kash,__lable__2
rt usrId india involved in terror in pak nawaz gives sarees amp ; mangos indian floods pakistan nawaz thanks httpAddress whose side is naw,__lable__2
rt usrId i hope pakistanis amp ; others are generously donating for the hundreds of thousands affected by the httpAddress i just httpAddress httpAddress,__lable__2
rt usrId #mqm usrId kkf relief activities for the flood victims in sialkot httpAddress via usrId usrId,__lable__2
kashmir floods people come to their own rescue by basharat ali httpAddress,__lable__2
rt usrId british mps to discuss human rights in httpAddress about saving httpAddress see army did in kashmir httpAddress you are neith,__lable__2
rt usrId my friend gave me his one lac ruppee cash to keep for a httpAddress inspired by aap mla s im donating it to kashmir flood vic,__lable__2
support kashimir in it s time of httpAddress donate food money for inflatable boats httpAddress i m awaiting more info from a httpAddress #kashmirflood,__lable__2
rt usrId #donatenow to help and support people in flood effected areas of httpAddress camp markaz quba #islamabad #fifrelief htt,__lable__2
us pledges usd 250 00 for jammu and kashmir flood affected the us yesterday extended deepest sympathies httpAddress httpAddress,__lable__2
bihar government provides rs DD crore for flood hit jammu and kashmir bihar chief minister jitan ram manjhi httpAddress httpAddress,__lable__2
embrace of social media aids flood victims in kashmir social media companies government agencies and httpAddress httpAddress,__lable__2
aiadmk legislators today decided to contribute their one month s salaries to the jammu and kashmir flood relief httpAddress,__lable__2
jammu and kashmir is suffering from httpAddress children are httpAddress wives are httpAddress we are collecting httpAddress httpAddress,__lable__2
in pictures kashmir floods coverage tip of ice berg people ask for drinking water httpAddress via usrId usrId usrIddp usrId usrId,__lable__2
rt usrId where is bollywood now who gives enormous to pakistan flood victims but for indian they have no time money pains,__lable__2
disaster management steps taken by central and state government httpAddress httpAddress #kashmirfloods #jkfloodrelief usrId,__lable__2
rt usrId #chiniot cooked meal packing in progress for #flood victims of httpAddress #flood2014 #fifrelief httpAddress,__lable__2
kashmiri americans offer telemedicine to flood victims in j amp ; k httpAddress,__lable__2
punjab govt releases rs DD million for each #flood hit district httpAddress,__lable__2
embrace of social media aids flood victims in kashmir by nida najar and ellen barry via nyt the new york times httpAddress,__lable__2
all aap mlas to donate rs DD lakh each for kashmir flood relief from their mla httpAddress woah rich httpAddress not aam aadmi #kashmirfloods,__lable__2
rt usrId i am donating ram lila maidan for flood refugees from httpAddress please httpAddress httpAddress httpAddress,__lable__2
rt usrId pak occupied kashmir is facing the same floods and we are willing to offer our assistance to aid pak govt s rescue efforts,__lable__2
rt usrId ex australian pm kevin rudd helping flood victims vs usrId during #kashmirfloods httpAddress,__lable__2
usrId kindly rt google person finder httpAddress kashmir rescue form httpAddress,__lable__2
kashmiri americans offer telemedicine to flood victims inj amp ; k httpAddress,__lable__2
rt usrId rt usrId donate to usrId amp ; allied organisations for jammu amp ; kashmir flood relief work ! httpAddress,__lable__2
kashmir floods india s pm narendra modi refuses united nations assistance and places lives in httpAddress httpAddress,__lable__2
rt usrId usrId offering aid is adding salt to injuries of pakistani httpAddress devastation caused by floods is nothing but india,__lable__2
rt sarwar naqvi 1derfulnaqvi pm national flood relief fund in #pakistan this was established since zab was in power every year httpAddress,__lable__2
rt usrId kashmir needs international aid agencies to come and save more lives from httpAddress is not a mohalla flood but a catastrophe,__lable__2
ht couldnt miss the temptation of using poll bound in describing help by rss and parivar httpAddress httpAddress #kashmirfloods,__lable__2
rt usrId pakistan floods appeal heavy monsoon rains and flash floods have killed hundreds of people along with httpAddress,__lable__2
rt usrId you are best in all httpAddress live rt arvindkejriwal all aap mlas to donate rs DD lakh each for kashmir flood relief from th,__lable__2
j k floods un system stands ready to help india pakistan the un system stands ready to help governments in .. httpAddress,__lable__2
twitter connects india to needs of flood hit kashmir ndtv gadgets httpAddress via usrId,__lable__2
pakistani military expands rescue and relief operations in areas hit by floods in country s punjab province usrId httpAddress,__lable__2
kashmir floods pm narendra modi asks officials to ramp up relief operations prime minister narendra modi on .. httpAddress,__lable__2
rt usrId all aap mlas to donate rs DD lakh each for kashmir flood relief from their mla httpAddress,__lable__2
jammu and kashmir floods vishwa hindu parishad organises medical camps 1 400 patients treated httpAddress,__lable__2
golden temple to prepare langar food for kashmir flood victims on army s request taaji khabar httpAddress,__lable__2
rt usrId so assuring to hear narendramodi usrId on j amp ; k flood calamity and extend helping hand to similarly ravaged httpAddress #,__lable__2
rt usrId j amp ; k floods helpline numbers httpAddress do rt . #kashmirfloods httpAddress,__lable__2
jammu amp ; kashmir floods centre to send doctors to prevent outbreak of diseases the centre has assured all httpAddress httpAddress,__lable__2
#kashmir flood help line no . 011 23093566 011 23093563 011 23093054 011 23092763 #jammu #floods,__lable__2
cm #punjab shahbaz sharif addresses flood affected people in #chiniot promises relief and govt cooperation httpAddress,__lable__2
#jhdar massive floods in jammu amp ; kashmir here is how you can help goonj has launched massive relief httpAddress httpAddress #fb,__lable__2
rt usrId news modi offers assistance to #pakistan to deal with flood ravaged areas of azad kashmir httpAddress httpAddress,__lable__2
hey i ve just donated rs . DD for kashmir flood relief through usrId #hike4kashmir,__lable__2
nawab sharerf thanked pm modi for flood help offer #kashmirfloods,__lable__2
rt usrId india will extend help to pakistan for those displaced by floods in pok says usrId we are bound by humanity,__lable__2
rt usrId will be launching a campaign to raise awareness and extend support for the victims floods in pakistan #pakistanfloods amp ; #id,__lable__2
rt usrId tamil nadu cm j jayalalithaa gives rs D crore as relief grant to the people of jammu and kashmir battling the worst floods,__lable__2
DD army medical teams deployed in jammu and kashmir to assist sick and injured flood victims,__lable__2
rt usrId jayalalithaa announces rs D crore assistance to flood hit kashmir httpAddress,__lable__2
rt usrId #pakarmy continues its #flood relief ops httpAddress,__lable__2
etp markandey katju makes global appeal to extend help to flood hit jammu and kashmir besides purifying httpAddress httpAddress,__lable__2
#ff uttarakhand grants rs DD crore for flood affected jammu and kashmir uttarakhand chief httpAddress httpAddress #followback #rt,__lable__2
rt usrId rt usrId mwf continues its humanitarian aid work D flood victims httpAddress #drqadri #pakistan #greenrevolu,__lable__2
hi hike is donating rs . DD lacs towards kashmir flood httpAddress go to menu gt ; rewards gt ; donate for kashmir and make it httpAddress #kashmirfloods,__lable__2
rt usrId all aap mlas to donate rs DD lakh each for kashmir flood relief from their mla httpAddress,__lable__2
rt usrId please donate towards the kashmir flood httpAddress httpAddress,__lable__2
rt usrId floods in kashmir wht amazed mst nt plight of httpAddress helping ppl bt absence of antiindia httpAddress,__lable__2
us pledges usd 250 00 for jammu and kashmir flood affected the us yesterday extended deepest sympathies httpAddress httpAddress,__lable__2
omar abdullah order s doubling of rations to flood hit state jammu and kashmir chief minister omar abdullah httpAddress httpAddress,__lable__2
rt usrId a kashmiri muslim flood victim on usrId appeals 2pm modi to send relief package thro indian army amp ; not he corrupt usrId,__lable__2
iyogi launches a bridge to kashmir for flood relief in j amp ; k ; creates crowdsourcing platform to mobilize support and targets usd DD httpAddress,__lable__2
rt usrId with morons like this who needs separatists ? sangh activists attack vc who called for help for kashmir flood victims htt,__lable__2
rt usrId volunteers in delhi need these so they can ship to kashmir httpAddress please rt . httpAddress httpAddress,__lable__2
rt usrId a relatively untold story of #kashmirfloods along with army volunteers are a big part of httpAddress httpAddress rt httpAddress,__lable__2
rt usrId from money meant for constituents ? rt usrId all aap mlas to donate rs DD lakh each for kashmir flood relief,__lable__2
donate rs . DD through usrId for free for kashmir flood relief help everyone in kashmir who s httpAddress httpAddress httpAddress,__lable__2
donate rs . DD through usrId for free for kashmir flood relief help everyone in kashmir who s httpAddress httpAddress,__lable__2
rt usrId #kashmirfloods army continues with intensive rescue operations in flood hit httpAddress see here httpAddress http,__lable__2
rt usrId msisodia all aap mlas have decided to collectively donate rs 5.5 crore towards kashmir flood relief httpAddress,__lable__2
devastating situation in kashmir post httpAddress no rescue from local httpAddress public volunteer in httpAddress,__lable__2
rt usrId lets play ur part to help those affected by floods buy a naya pakistan shirt profits go towrds ikf for flood victims htt,__lable__2
rt usrId prime minister narendra modi announces special assistance of rs 1 00 crore to flood affected jammu and httpAddress pti,__lable__2
rt usrId #un usrId chief lauds #pakistan flood relief efforts offers help again httpAddress poor httpAddress #paskistanflo,__lable__2
rt usrId showbaaz asking oversee pakistani to send money for flood victim sorry we will not until imran khan ask,__lable__2
rt usrId pungovt claims cmss took D helicopter flights2south punjab in1day to monitor floods oh i got httpAddress got frightened amp ; now e,__lable__2
rt usrId all aap mlas to donate rs DD lakh each for kashmir flood relief from their mla httpAddress,__lable__2
rt usrId people in flood affected areas of poonch j amp ; k provided healthcare and relief material #kashmirfloods httpAddress,__lable__2
rt usrId usrId i urge everyone to support the pakistan flood relief httpAddress donate to #mwf httpAddress http,__lable__2
kashmir floods modi offers help to pakistan islamabad says relief on siasat httpAddress,__lable__2
ujjain vice chancellor attacked for appeal to help kashmir flood httpAddress disgusting and utterly httpAddress,__lable__2
rt usrId DD pakistan army helicopter taking part in air borne rescue operation in #jhang httpAddress #floods,__lable__2
rt usrId httpAddress whoever needs relief send addresses for help on these no s DD DD httpAddress kashmir flood relief #,__lable__2
occupied kashmir #aphc set up DD relief camps in flood hit areas httpAddress,__lable__2
rt usrId im also donating jantar mantar amp ; food from andhra bhawan for kashmiri flood httpAddress please httpAddress thanks https,__lable__2
rt usrId people who wish to help jammu amp ; kashmir flood victims can donate to rashtreeya swayamsevak sangh initiative below ? httpAddress,__lable__2
rt usrId essential things to donate for flood victims httpAddress please and help #kashmirfloods httpAddress,__lable__2
rt usrId make a dua for all those suffering in kashmir right now due to the severe floods ! b httpAddress,__lable__2
everyone should contribute #flood #floodfury #pakistan,__lable__2
rt usrId hindu india stretched its hand towards the valley of kashmir ravaged by httpAddress and it is httpAddress httpAddress,__lable__2
#teampapii embrace of social media aids flood victims in kashmir httpAddress unete usrId,__lable__2
rt usrId volunteers in srinagar httpAddress don t flood their numbers if the matter is not of great httpAddress #kashmirfloods httpAddress,__lable__2
usrId help make it happen for help !! jammu amp ; kashmir flood relief fund on usrId httpAddress,__lable__2
rt usrId jammu amp ; kashmir flood helpline numbers ! httpAddress,__lable__2
charity for kashmir and indian flood disaster ! httpAddress,__lable__2
rt usrId #punjab govt releases rs D billion for the #relief amp ; rehabilitation of the flood affectees httpAddress,__lable__2
rt usrId modi has made an offer of help for azad kashmir amp ; for other flood affected regions of httpAddress say this is an outright hoax,__lable__2
rt usrId meanwhile aamir khan is so pained by kashmir floods that he will dedicate an entire smj episode on it and earn another,__lable__2
rt usrId we are at 20 for the #kashmirflood victims thank you to all so httpAddress we need boats life jackets clean httpAddress httpAddress,__lable__2
hey i ve just donated rs . DD for kashmir flood relief through usrId #hike4kashmir,__lable__2
rt usrId the worst flood in punjab super flood same as httpAddress get out httpAddress help the httpAddress let s not play politics with the p,__lable__2
rt usrId immense gratitude to the tremendous tremendous selfless work being done by the army and all rescue operators #kashmirflo,__lable__2
rt usrId altaf hussain salutes his party workers who are aiding to flood effected people in httpAddress #altafhussainday,__lable__2
rt usrId families who lost their houses livestock or crops during #floods will get rs25 00 250 each before eid #pakistan http,__lable__2
#floods #ukfloods jammu and kashmir floods massive rescue operations on lakhs still stranded httpAddress httpAddress,__lable__2
rt usrId pak army is busy rescue opr in punjab httpAddress army troops already on high alert amp ; reached to sindh flood areas,__lable__2
a big salute to our indian army for their hard work to save flood affected people of jammu and kashmir !! httpAddress httpAddress,__lable__2
#himachal pradesh #cm praises centre s help in #flood hit #kashmir httpAddress #htpunjab,__lable__2
rt usrId j amp ; k floods pm modi asks for faster rescue ops as lakhs wait for help httpAddress #kashmirfloods,__lable__2
rt usrId minhaj welfare foundation appeals for donation for the flood affected httpAddress #pakistan httpAddress,__lable__2
rt usrId usrId kindly rt google person finder httpAddress kashmir rescue form httpAddress,__lable__2
indian pakistani troops aid flood stranded people httpAddress #tcot,__lable__2
rt usrId with floods ravaging pakistan it is unforgiveable D nawaz D demand an extra D00 00 for his us httpAddress amp ; D do what ? read,__lable__2
rt usrId choose between a number of httpAddress lets play our part to help those affected by flood in httpAddress profits for ikf htt,__lable__2
rt usrId jammu kashmir floods bjp sets up DD centres to collect food packets httpAddress #jammuandkashmirfloods2014,__lable__2
rt usrId #drqadri i am making a emergency appeal through minhaj welfare foundation for the floods victims in pakistan #statusquov,__lable__2
kashmir floods in tit for tat gesture pakistan offers to help india the prime ministers of india and httpAddress httpAddress,__lable__2
rt usrId #zarbeazb law amp ; order in karachi islamabad to flood httpAddress one must acknowledge the great efforts of #pakistan,__lable__2
jammu and kashmir flood pakistan condoles loss of lives ; offers help to india httpAddress httpAddress httpAddress,__lable__2
usrId hey i ve just donated rs . DD for kashmir flood relief through usrId # httpAddress,__lable__2
rt usrId #help amp ; coordination #pp led #sindh govt donates DD million rupees for #punjab flood victims httpAddress,__lable__2
#google google launches crisis map for flood affected jammu and kashmir #map google httpAddress httpAddress #tech #technology,__lable__2
rt usrId a medical team of jamaat e islami hind is in #kashmir since 13th september to help the flood affected httpAddress,__lable__2
twitter connects india to needs of flood hit kashmir read story httpAddress,__lable__2
dtn italy health fears after kashmir floods authorities in indian administered kashmir prepare for an httpAddress httpAddress,__lable__2
pm nawaz sharif announced rs . D million to all those who have lost their family members in floods #ajk for details watch #pakistanat9 httpAddress,__lable__2
india offers help to pakistan on floods httpAddress httpAddress httpAddress,__lable__2
rt usrId dear usrId pm modi gave DD cr to kashmir flood was that public money or jasodaben fixed depost httpAddress,__lable__2
rt usrId j amp ; k floods helpline numbers httpAddress do rt . #kashmirfloods httpAddress,__lable__2
kashmir floods delhi bjp mlas to donate one month s salary for relief fund new delhi all the delhi bjp httpAddress httpAddress,__lable__2
kashmir floods cm akhilesh asks officers to rescue up people uttar pradesh chief minister akhilesh yadav httpAddress httpAddress,__lable__2
rt usrId rt gabeeno DD relief goods trucks sent by bbz to flood victims in httpAddress jiyaay bhutto httpAddress,__lable__2
kindly help our brothers and sisters fe kashmir httpAddress usrId j k floods radio kashmir starts operation httpAddress,__lable__2
jammu and kashmir floods massive rescue operations underway as situation remains grim httpAddress,__lable__2
kashmir floods listen to your conscience join duty j amp ; k government tells employees as jammu and kashmir httpAddress httpAddress,__lable__2
rt usrId proud of their service rt usrId #rss actively works in jammu amp ; kashmir httpAddress and food httpAddress htt,__lable__2
rt usrId despite fighting the fury of floods in kashmir indian army carried an operation at laribag kupwara eliminating one let terrori,__lable__2
appeal for effectees of flood DD faces pakistan has initiated relief efforts and rendering its services httpAddress httpAddress,__lable__2
rt usrId pm announces rs 1 00 crore aid for flood hit jammu and kashmir httpAddress,__lable__2
rt usrId once again #kkf showing its outstanding httpAddress social relief activities for the victims of flood #pakistanfloods httpAddress,__lable__2
#drqadri i am making a emergency appeal through minhaj welfare foundation for the floods victims in #pakistan #statusquovsoppressed #mwf,__lable__2
jammu and kashmir floods information home ministry helpline 91 011 23093054 ndrf control room 91 011 26107953 #kashmirfloods,__lable__2
pakistan floods cabinet decides against appeal for foreign aid,__lable__2
rt usrId mqm charity wing #kkf #lahore have setup flood relief camp in all over punjab #mqm httpAddress,__lable__2
rt usrId that s insulting .. #pmln govt in #punjab refused rs DD million gifted by #kp for #flood victims httpAddress,__lable__2
india offering help to flood victims in pakistan controlled kashmir httpAddress,__lable__2
photoalbum #mqm usrId flood relief activities in #lahore #punjab #pakistan httpAddress,__lable__2
hike users can nw donate fa jammu kashmir flood httpAddress lets help usrId usrId usrId usrId httpAddress,__lable__2
rt usrId sewa bharati an organisation run by swayamsevaks too has extended its help in the flood hit httpAddress #rss #kashmirfloo,__lable__2
rt usrId struggling to cope httpAddress usrId looks at #kashmir flood relief operation httpAddress,__lable__2
#kashmirfloods the tireless service of a india army battalion amp ; its boats httpAddress #indianarmy #kashmir #kashmirfloodrelief,__lable__2
#sindh government has announced to rs100 million for the flood victims of punjab httpAddress #capitaltv,__lable__2
httpAddress all dua httpAddress amp ; kashmir flood effective httpAddress request to all httpAddress help D helpless ppl,__lable__2
rt usrId #kashmirfloods next lot of supplies to be sent by usrId tom afternoon on indigo httpAddress what s needed htt,__lable__2
embrace of social media aids flood victims in kashmir httpAddress,__lable__2
rt usrId #kkf distributing relief goods among victims of flood in different districts of #punjab httpAddress #mqm httpAddress,__lable__2
donate for kashmir httpAddress httpAddress,__lable__2
rt usrId #alert j amp ; k is battling D of the worst floods in httpAddress here s our chance to help those in httpAddress #kashmirfloods htt,__lable__2
aap karnataka is organising collection of relief material for those affected from jammu amp ; kashmir flood in httpAddress httpAddress,__lable__2
rt usrId jhang flood victims being treated at #fif httpAddress #fifrelief #flood2014 httpAddress,__lable__2
#kashmirfloods in pic relief provided by locals for flood hit areas of basant bagh maisuma srinagar httpAddress,__lable__2
rt usrId flood relief for kashmir nonprofits httpAddress httpAddress,__lable__2
rt usrId cm kpk pervez khattak meets army chief donates rs100m for flood victims httpAddress #pakistan httpAddress,__lable__2
rt usrId dear indian celebrities what about doing an ice bucket challenge now to raise funds for #kashmirflood victims ??,__lable__2
rt usrId #bocapsule #nargisfakhri to do online fundraiser for kashmir flood victim ! httpAddress,__lable__2
kashmir floods medical camps in srinagar to check water borne diseases the national disaster response force .. httpAddress,__lable__2
today let s make a special dua for the people of kashmir who are suffering from httpAddress many people have died httpAddress httpAddress,__lable__2
if anyone wants to a donate relief to #kashmiri flood peoples humble request don t take anyone come and donate or take it only #crpf or #bsf,__lable__2
rt usrId all aap mlas to donate rs DD lakh each for kashmir flood relief from their mla httpAddress,__lable__2
rt usrId cm punjab shahbaz sharif has directed provincial administration and concerned district officers in flood hit areas to rem,__lable__2
rt usrId have you thought about contributing to help #kashmirflood victims ? please share the right way to connect n httpAddress rt,__lable__2
rt usrId jammu amp ; kashmir floods srinagar based lawyer spends his saving to buy a boat to rescue people httpAddress httpAddress,__lable__2
rt usrId my heart goes out for kashmiri brethren they are in real distress due to floods pl extend all possible help the way you can,__lable__2
rt usrId naval commandos also in kashmir to help in flood httpAddress bravo !,__lable__2
rt usrId all aap mlas to donate rs DD lakh each for kashmir flood relief from their mla httpAddress,__lable__2
rt usrId flood control room numbers for jammu amp ; kashmir house delhi are DD amp ; DD,__lable__2
rt usrId #kashmirfloods google person finder for #jkfloodrelief launched ! httpAddress,__lable__2
prime minister narendra modi announces special assistance of rs 1 00 crore to flood affected jammu and httpAddress,__lable__2
rt usrId jammu and kashmir floods omar abdullah announces relief package of rs 3.5 lakh to kin of those killed httpAddress,__lable__2
chinese embassy on behalf of the usrId gave 50 00 to #pakistan #redcrescent usrId for the flood affected people,__lable__2
rt usrId non arsenal my homeland kashmir has been hit with severe floods causing mass destruction please help httpAddress,__lable__2
rt usrId sonia s pimp arnob usrId usrId where is u r sonia and rahul today ? when we need help in kashmir flood ? karnataka,__lable__2
rt usrId all DD aap mlas in delhi pledge rs DD lakh each total rs 5.4 cr from their local area development funds for kashmir flood re,__lable__2
pakistan rushes to protect cities from floods pakistani troops rush to protect two major cities httpAddress httpAddress #lebanon,__lable__2
rt usrId celebs raise funds for #kashmirflood victims and those who survived thank the army and pray for relief httpAddress,__lable__2
rt usrId rss press release an appeal to donate for relief fund to help jamu amp ; kashmir flood victims httpAddress httpAddress,__lable__2
rt usrId give their earnings not tax payers usrId all aap mlas to donate rs DD lakh each for kashmir flood relief from th,__lable__2
pakistani troops expand rescue in flood hit areas pakistani troops expand rescue operation as floods engulf httpAddress httpAddress,__lable__2
heres how indian army twitter india usrId google and others are helping #kashmirflood victims httpAddress httpAddress,__lable__2
usrId please support the flood victims httpAddress #kashmirfloodrelief,__lable__2
#pil in supreme court for immediate reliefs to jammu and kashmir flood victims daily news amp ; analysis httpAddress,__lable__2
usrId brothers pakistan don t need metro buses and trains pakistan needs dams please make dams and save pakistan from floods,__lable__2
rt usrId delhi aap mlas to donate rs DD lakh each for kashmir flood relief from their mla httpAddress news flash httpAddress,__lable__2
rt usrId pakistan prime minister nawaz sharif thanks pm narendra modi your offer for help in our flood relief efforts is thoughtful,__lable__2
rt usrId flood of help ! sify httpAddress #kashmirfloods httpAddress,__lable__2
httpAddress more than DD million peoples of pakistan supporting imran khan dr taher httpAddress journalist hasnain usa,__lable__2
#modiministry kashmir floods a gift to httpAddress with love from switzerland httpAddress,__lable__2
rt usrId all aap mlas have decided to collectively donate rs 5.5 crore towards kashmir flood relief httpAddress,__lable__2
rt usrId all aap mlas to donate rs DD lakh each for kashmir flood relief from their mla httpAddress,__lable__2
rt usrId have announced rs5 crore financial assistance to #kashmirflood httpAddress we have sent DD metric tonnes of ready to eat,__lable__2
rt usrId has raised httpAddress for emergency kashmir flood relief on gofundme httpAddress,__lable__2
rt usrId news muslim charity assisting the flood affected communities in pakistan httpAddress usrId http,__lable__2
rt usrId rt usrId usrId volunteers distributing cooked meal daily httpAddress httpAddress #fifrelief #floo,__lable__2
rt usrId usrId deploys its one thousand youth volunteers in flood hit jammu and kashmir to help in relief measures,__lable__2
#naturaldisasters j amp ; k floods omar thanks centre says his govt will function from thursday jammu amp ; kashmir httpAddress httpAddress,__lable__2
kashmir floods medical camps in srinagar to check water borne diseases the national disaster response force .. httpAddress,__lable__2
primer minister modi shud appeal adani amp ; ambani to donate generously for flood victims in kashmir they have looted the country,__lable__2
rt usrId american civilians donated generously for flood relief in pakistan few years httpAddress anti american sentiment subsided there ?,__lable__2
rt usrId #pakistan pm nawaz sharif thanks pm usrId for offering help in flood relief efforts in httpAddress #kashmirfloods http,__lable__2
rt usrId dr qadri i am making a emergency appeal through minhaj welfare foundation for the floods victims in httpAddress #statusquovs,__lable__2
so finally its d indian army which has come for d rescue of people of kashmir from devastated httpAddress,__lable__2
rt usrId look everyone needs to stop what they are doing and help out with the kashmir httpAddress whatever you can do just do . nothing,__lable__2
find out how you can help how twitter is lending a helping hand to victims of the kashmir floods httpAddress via usrId,__lable__2
tripura donates rs D crore to flood hit jammu and kashmir the tripura government will contribute rs D crore httpAddress httpAddress,__lable__2
rt usrId please donate for flood victims in jammu and httpAddress #kashmirfloods,__lable__2
usrId besides govt and army efforts in kashmir people from rest of india should show solidarity amp ; contribute to a flood relief httpAddress,__lable__2
rt usrId in mumbai amp ; willing to help #kashmirflood victims with material supplies by friday first httpAddress perishable food httpAddress clo,__lable__2
the hindumodi announces httpAddress special assistance to flood hit jammu and httpAddress hindudeclaring the jammu and kashmir floods httpAddress,__lable__2
rt usrId chief minister punjab shahbaz sharif arrives in multan after visit to jhang ; monitors relief operations in flood hit areas,__lable__2
rt usrId breaking punjab govt rejects httpAddress million cheque offered by kpk govt for flood affectees reveals kpk minister http,__lable__2
rt usrId usrId i watching express tv showbaaz asking oversee pakistani to send money for flood victim sorry we will not u,__lable__2
rt usrId #kashmirfloods #jammukashmirfloods rss sewa bharathi helping in floods httpAddress,__lable__2
lakhs of indian muslims registered to go to httpAddress how many httpAddress to go to kashmir to rescue the flood httpAddress,__lable__2
kashmir flood relief congress ducks questions on accountability of state government httpAddress,__lable__2
usrId usrId pls do some help for jammu flood victims media n cm is helping kashmir peoples only rather jammu face more D,__lable__2
#kashmirfloods httpAddress concerned abt floods in kashmir httpAddress D a report frm cent govt on rescue relief n rehab work in kashmir,__lable__2
rt usrId why did shah rukh never feel that he shud do charity show for flood victims in jammu kashmir or rehabilitation of kashmiri,__lable__2
rt usrId iaf transport aircraft an 32 during the flood relief operations out at awantipur air base in httpAddress #kashmirfloods httpAddress,__lable__2
assam gov extends financial assistance of rs D cr for kashmir floods assam government has extended financial .. httpAddress,__lable__2
rt usrId democratic allocation of funds 1 rs DD million for 1.8 million flood affected in httpAddress rs DD million for pm ho,__lable__2
rt usrId aap mlas to donate rs httpAddress for the jammu amp ; kashmir flood relief httpAddress each donating atleast 20lakh from their mlalad fu,__lable__2
kashmir floods pm modi holds emergency meeting as lakhs still await help with more than five lakh people httpAddress httpAddress,__lable__2
rt usrId #medicalcamps have been established in all flood effected regions #jhang #multan #sialkot #fifrelief #flood2014 httpAddress,__lable__2
rt usrId heavy rains causing #floods have caused mass destruction throughout #pakistan #donatenow httpAddress httpAddress,__lable__2
islamabad the pakistani military stepped up rescue efforts as floods wreaked havoc in more districts of the country s eastern httpAddress,__lable__2
latest kashmir flood victims run from pillar to post to get relief material daily news amp ; httpAddress httpAddress #indiannews,__lable__2
army helicopters have dropped over fifty two tons of rations in flood hit areas of httpAddress,__lable__2
rt usrId #flood relief helpline operational httpAddress #floods2014 #punjab usrId usrId usrId usrId http,__lable__2
floods causing mayhem #pakistan food water medicines in short supply in times like this one wishes #india #pakistan had good relations !,__lable__2
rt usrId not taxpayer s money like aap ? rt usrId kashmir floods delhi bjp mlas to donate one months salary for relief fu,__lable__2
rt usrId hrithik roshan raises funds for jammu and kashmir flood victims httpAddress usrId #hrithikroshan #j amp ; kfloods,__lable__2
rt usrId german embassy to hold concert in support of jammu and kashmir flood victims httpAddress httpAddress,__lable__2
rt usrId rt usrId usrId is helping the #kashmirflood victims but doesn t want it to be a promotional event ! #we,__lable__2
rt usrId kashmir needs international aid agencies to come and save more lives from httpAddress is not a mohalla flood but a catastrophe,__lable__2
rt usrId #mqm charity wing #kkf #lahore have setup flood relief camps in all over #punjab httpAddress,__lable__2
omar abdullah orders doubling of ration to flood hit state jammu and kashmir chief minister omar abdullah httpAddress httpAddress,__lable__2
rt usrId meeting with army chief and give him a cheque of rs DD million for flood affectees of punjab and httpAddress httpAddress,__lable__2
so the train service the premier announced earlier for the flood victims in kashmir will transport excess waters into the arabian httpAddress,__lable__2
rt usrId im also donating jantar mantar amp ; food from andhra bhawan for kashmiri flood httpAddress please httpAddress thanks https,__lable__2
text,label
